id_chamado,id_agente,categoria,data_abertura,status_ticket,prazo_atendimento,data_fechamento
1,3336,bug,2025-04-13,resolvido,48,2025-04-13 10:00:00
2,3333,lentidão,2025-06-29,resolvido,36,2025-06-30 10:00:00
3,3334,acesso,2025-04-03,aberto,12,
4,3334,pagamento,2025-01-15,não resolvido,24,2025-01-16 17:00:00
5,3336,pagamento,2025-04-17,resolvido,24,2025-04-17 12:00:00
6,3331,acesso,2025-03-13,resolvido,12,2025-03-14 11:00:00
7,3331,lentidão,2025-01-21,resolvido,36,2025-01-21 12:00:00
8,3332,pagamento,2025-04-13,resolvido,24,2025-04-13 11:00:00
9,3331,pagamento,2025-05-02,aberto,24,
10,3332,pagamento,2025-03-16,resolvido,24,2025-03-16 09:00:00
11,3335,cancelamento,2025-03-29,não resolvido,24,2025-03-29 08:00:00
12,3332,cancelamento,2025-04-27,resolvido,24,2025-04-27 06:00:00
13,3331,dúvida,2025-04-10,resolvido,8,2025-04-10 01:00:00
14,3336,bug,2025-04-14,resolvido,48,2025-04-14 22:00:00
15,3335,acesso,2025-06-01,não resolvido,12,2025-06-02 14:00:00
16,3331,acesso,2025-05-11,resolvido,12,2025-05-12 15:00:00
17,3332,acesso,2025-05-30,resolvido,12,2025-05-31 14:00:00
18,3333,dúvida,2025-02-22,resolvido,8,2025-02-22 20:00:00
19,3334,cancelamento,2025-01-02,aberto,24,
20,3331,lentidão,2025-03-29,aberto,36,
21,3332,lentidão,2025-06-07,resolvido,36,2025-06-07 13:00:00
22,3335,dúvida,2025-02-07,resolvido,8,2025-02-08 01:00:00
23,3331,lentidão,2025-05-10,resolvido,36,2025-05-10 04:00:00
24,3331,acesso,2025-01-21,não resolvido,12,2025-01-22 06:00:00
25,3334,bug,2025-06-10,resolvido,48,2025-06-11 00:00:00
26,3332,pagamento,2025-02-27,resolvido,24,2025-02-28 06:00:00
27,3333,cancelamento,2025-01-22,resolvido,24,2025-01-22 19:00:00
28,3335,cancelamento,2025-03-30,resolvido,24,2025-03-31 19:00:00
29,3332,dúvida,2025-02-18,aberto,8,
30,3335,cancelamento,2025-02-28,resolvido,24,2025-03-01 20:00:00
31,3331,acesso,2025-06-19,resolvido,12,2025-06-19 01:00:00
32,3334,lentidão,2025-01-15,resolvido,36,2025-01-16 00:00:00
33,3334,acesso,2025-06-24,resolvido,12,2025-06-24 12:00:00
34,3336,dúvida,2025-02-20,resolvido,8,2025-02-21 14:00:00
35,3333,acesso,2025-04-18,resolvido,12,2025-04-19 03:00:00
36,3334,lentidão,2025-02-24,resolvido,36,2025-02-25 17:00:00
37,3331,bug,2025-03-05,aberto,48,
38,3333,dúvida,2025-05-11,resolvido,8,2025-05-11 02:00:00
39,3332,bug,2025-02-20,resolvido,48,2025-02-21 10:00:00
40,3334,pagamento,2025-05-15,resolvido,24,2025-05-15 17:00:00
41,3333,bug,2025-01-21,aberto,48,
42,3331,pagamento,2025-03-14,resolvido,24,2025-03-14 19:00:00
43,3336,pagamento,2025-06-16,resolvido,24,2025-06-16 04:00:00
44,3335,bug,2025-01-18,resolvido,48,2025-01-18 18:00:00
45,3335,dúvida,2025-05-12,resolvido,8,2025-05-12 21:00:00
46,3331,lentidão,2025-03-30,resolvido,36,2025-03-30 18:00:00
47,3331,acesso,2025-03-01,resolvido,12,2025-03-02 22:00:00
48,3335,acesso,2025-01-14,não resolvido,12,2025-01-14 15:00:00
49,3336,lentidão,2025-01-09,resolvido,36,2025-01-09 23:00:00
50,3333,pagamento,2025-03-31,resolvido,24,2025-04-01 16:00:00
51,3335,pagamento,2025-02-22,resolvido,24,2025-02-22 03:00:00
52,3331,dúvida,2025-05-10,resolvido,8,2025-05-10 14:00:00
53,3334,cancelamento,2025-03-25,resolvido,24,2025-03-26 00:00:00
54,3332,bug,2025-04-02,resolvido,48,2025-04-03 19:00:00
55,3336,pagamento,2025-04-21,não resolvido,24,2025-04-22 10:00:00
56,3336,acesso,2025-06-21,resolvido,12,2025-06-21 13:00:00
57,3334,dúvida,2025-01-08,resolvido,8,2025-01-08 18:00:00
58,3334,bug,2025-06-24,resolvido,48,2025-06-25 13:00:00
59,3331,dúvida,2025-02-04,aberto,8,
60,3335,bug,2025-03-22,resolvido,48,2025-03-22 06:00:00
61,3333,bug,2025-06-13,resolvido,48,2025-06-14 05:00:00
62,3336,lentidão,2025-02-19,não resolvido,36,2025-02-19 18:00:00
63,3336,pagamento,2025-04-14,resolvido,24,2025-04-15 00:00:00
64,3334,dúvida,2025-05-12,resolvido,8,2025-05-12 15:00:00
65,3335,dúvida,2025-01-02,não resolvido,8,2025-01-03 22:00:00
66,3336,lentidão,2025-05-14,não resolvido,36,2025-05-15 15:00:00
67,3333,acesso,2025-02-23,aberto,12,
68,3334,acesso,2025-04-16,resolvido,12,2025-04-16 17:00:00
69,3333,pagamento,2025-01-04,resolvido,24,2025-01-05 03:00:00
70,3335,pagamento,2025-02-23,não resolvido,24,2025-02-23 15:00:00
71,3336,cancelamento,2025-05-26,resolvido,24,2025-05-26 18:00:00
72,3332,lentidão,2025-02-13,aberto,36,
73,3336,acesso,2025-06-11,resolvido,12,2025-06-11 16:00:00
74,3335,bug,2025-01-14,resolvido,48,2025-01-15 20:00:00
75,3336,dúvida,2025-04-05,não resolvido,8,2025-04-05 12:00:00
76,3336,pagamento,2025-02-17,não resolvido,24,2025-02-17 06:00:00
77,3331,dúvida,2025-01-15,resolvido,8,2025-01-16 02:00:00
78,3336,dúvida,2025-02-09,aberto,8,
79,3336,cancelamento,2025-03-23,resolvido,24,2025-03-24 09:00:00
80,3333,acesso,2025-04-21,aberto,12,
81,3332,pagamento,2025-02-22,aberto,24,
82,3333,dúvida,2025-01-24,não resolvido,8,2025-01-24 05:00:00
83,3333,pagamento,2025-06-03,resolvido,24,2025-06-03 23:00:00
84,3334,bug,2025-05-04,resolvido,48,2025-05-04 17:00:00
85,3331,cancelamento,2025-02-10,não resolvido,24,2025-02-10 22:00:00
86,3333,bug,2025-06-06,resolvido,48,2025-06-06 05:00:00
87,3335,pagamento,2025-01-15,resolvido,24,2025-01-16 04:00:00
88,3335,pagamento,2025-02-14,não resolvido,24,2025-02-15 00:00:00
89,3336,acesso,2025-03-06,aberto,12,
90,3334,dúvida,2025-03-30,resolvido,8,2025-03-31 21:00:00
91,3331,dúvida,2025-03-12,não resolvido,8,2025-03-12 23:00:00
92,3331,bug,2025-01-09,não resolvido,48,2025-01-09 10:00:00
93,3336,cancelamento,2025-03-29,resolvido,24,2025-03-30 01:00:00
94,3335,lentidão,2025-05-09,resolvido,36,2025-05-10 09:00:00
95,3332,dúvida,2025-05-16,resolvido,8,2025-05-17 03:00:00
96,3334,acesso,2025-03-04,não resolvido,12,2025-03-04 02:00:00
97,3336,bug,2025-05-19,não resolvido,48,2025-05-19 10:00:00
98,3334,bug,2025-03-22,resolvido,48,2025-03-23 13:00:00
99,3335,lentidão,2025-05-16,resolvido,36,2025-05-16 13:00:00
100,3335,acesso,2025-06-12,aberto,12,
101,3332,cancelamento,2025-06-12,aberto,24,
102,3332,acesso,2025-02-02,resolvido,12,2025-02-02 20:00:00
103,3331,cancelamento,2025-05-03,resolvido,24,2025-05-04 14:00:00
104,3334,acesso,2025-01-05,não resolvido,12,2025-01-06 05:00:00
105,3334,acesso,2025-02-10,resolvido,12,2025-02-10 07:00:00
106,3335,pagamento,2025-01-28,resolvido,24,2025-01-28 19:00:00
107,3331,bug,2025-05-15,resolvido,48,2025-05-16 23:00:00
108,3336,acesso,2025-03-13,resolvido,12,2025-03-14 07:00:00
109,3334,lentidão,2025-01-12,resolvido,36,2025-01-12 21:00:00
110,3331,acesso,2025-06-11,resolvido,12,2025-06-11 06:00:00
111,3331,dúvida,2025-02-02,não resolvido,8,2025-02-02 08:00:00
112,3335,bug,2025-02-17,não resolvido,48,2025-02-18 20:00:00
113,3331,dúvida,2025-05-31,resolvido,8,2025-05-31 00:00:00
114,3332,bug,2025-03-03,aberto,48,
115,3332,dúvida,2025-02-06,resolvido,8,2025-02-06 07:00:00
116,3333,acesso,2025-04-09,aberto,12,
117,3335,acesso,2025-06-21,resolvido,12,2025-06-22 10:00:00
118,3336,pagamento,2025-04-14,aberto,24,
119,3333,lentidão,2025-02-04,resolvido,36,2025-02-05 20:00:00
120,3332,dúvida,2025-04-11,resolvido,8,2025-04-12 15:00:00
121,3333,cancelamento,2025-06-24,resolvido,24,2025-06-24 06:00:00
122,3335,pagamento,2025-05-11,não resolvido,24,2025-05-12 02:00:00
123,3335,dúvida,2025-01-01,aberto,8,
124,3331,dúvida,2025-01-05,aberto,8,
125,3334,pagamento,2025-05-22,resolvido,24,2025-05-22 15:00:00
126,3331,acesso,2025-04-13,não resolvido,12,2025-04-14 13:00:00
127,3335,dúvida,2025-01-27,resolvido,8,2025-01-27 06:00:00
128,3332,acesso,2025-05-17,resolvido,12,2025-05-18 19:00:00
129,3336,pagamento,2025-01-15,aberto,24,
130,3332,acesso,2025-03-31,resolvido,12,2025-04-01 16:00:00
131,3331,bug,2025-02-11,resolvido,48,2025-02-11 10:00:00
132,3336,cancelamento,2025-05-04,resolvido,24,2025-05-05 17:00:00
133,3335,dúvida,2025-06-28,não resolvido,8,2025-06-29 08:00:00
134,3332,lentidão,2025-03-04,resolvido,36,2025-03-05 11:00:00
135,3335,cancelamento,2025-04-06,não resolvido,24,2025-04-07 12:00:00
136,3336,acesso,2025-02-21,aberto,12,
137,3336,dúvida,2025-04-06,não resolvido,8,2025-04-06 16:00:00
138,3332,acesso,2025-05-12,resolvido,12,2025-05-13 10:00:00
139,3335,bug,2025-05-31,não resolvido,48,2025-06-01 23:00:00
140,3333,pagamento,2025-05-23,aberto,24,
141,3335,dúvida,2025-06-20,resolvido,8,2025-06-21 23:00:00
142,3336,bug,2025-01-29,resolvido,48,2025-01-30 07:00:00
143,3335,bug,2025-02-05,resolvido,48,2025-02-05 02:00:00
144,3331,dúvida,2025-01-13,resolvido,8,2025-01-14 22:00:00
145,3333,acesso,2025-06-09,resolvido,12,2025-06-10 10:00:00
146,3334,lentidão,2025-03-12,aberto,36,
147,3331,bug,2025-03-27,resolvido,48,2025-03-28 23:00:00
148,3334,cancelamento,2025-01-28,não resolvido,24,2025-01-29 06:00:00
149,3332,bug,2025-03-07,resolvido,48,2025-03-08 06:00:00
150,3334,lentidão,2025-06-19,aberto,36,
151,3335,acesso,2025-02-14,resolvido,12,2025-02-14 23:00:00
152,3334,acesso,2025-03-03,aberto,12,
153,3336,cancelamento,2025-05-14,não resolvido,24,2025-05-14 17:00:00
154,3331,bug,2025-01-28,aberto,48,
155,3331,acesso,2025-01-28,resolvido,12,2025-01-28 14:00:00
156,3334,lentidão,2025-04-18,não resolvido,36,2025-04-18 14:00:00
157,3331,dúvida,2025-02-13,não resolvido,8,2025-02-13 05:00:00
158,3336,pagamento,2025-03-25,resolvido,24,2025-03-26 02:00:00
159,3331,pagamento,2025-01-30,não resolvido,24,2025-01-30 14:00:00
160,3334,pagamento,2025-03-16,não resolvido,24,2025-03-17 11:00:00
161,3333,bug,2025-05-08,resolvido,48,2025-05-08 07:00:00
162,3333,cancelamento,2025-04-02,resolvido,24,2025-04-02 14:00:00
163,3332,acesso,2025-05-09,resolvido,12,2025-05-09 02:00:00
164,3331,dúvida,2025-05-01,resolvido,8,2025-05-02 22:00:00
165,3334,lentidão,2025-01-27,resolvido,36,2025-01-27 12:00:00
166,3331,dúvida,2025-05-01,resolvido,8,2025-05-02 16:00:00
167,3335,lentidão,2025-04-26,resolvido,36,2025-04-27 09:00:00
168,3336,bug,2025-01-03,aberto,48,
169,3331,pagamento,2025-04-13,aberto,24,
170,3331,bug,2025-06-04,resolvido,48,2025-06-05 07:00:00
171,3333,cancelamento,2025-05-17,aberto,24,
172,3336,cancelamento,2025-03-03,resolvido,24,2025-03-04 05:00:00
173,3334,lentidão,2025-06-14,resolvido,36,2025-06-14 12:00:00
174,3331,acesso,2025-02-20,não resolvido,12,2025-02-20 00:00:00
175,3333,acesso,2025-06-21,aberto,12,
176,3332,lentidão,2025-06-01,resolvido,36,2025-06-01 14:00:00
177,3336,cancelamento,2025-02-28,resolvido,24,2025-03-01 19:00:00
178,3333,cancelamento,2025-04-28,resolvido,24,2025-04-28 13:00:00
179,3333,cancelamento,2025-06-09,aberto,24,
180,3333,bug,2025-04-06,não resolvido,48,2025-04-07 09:00:00
181,3331,cancelamento,2025-06-29,não resolvido,24,2025-06-29 17:00:00
182,3331,dúvida,2025-04-23,resolvido,8,2025-04-23 06:00:00
183,3332,pagamento,2025-03-03,resolvido,24,2025-03-04 04:00:00
184,3335,cancelamento,2025-02-21,não resolvido,24,2025-02-22 06:00:00
185,3335,lentidão,2025-01-12,resolvido,36,2025-01-13 00:00:00
186,3335,pagamento,2025-02-08,resolvido,24,2025-02-09 13:00:00
187,3336,bug,2025-05-10,não resolvido,48,2025-05-10 13:00:00
188,3336,lentidão,2025-05-11,resolvido,36,2025-05-11 07:00:00
189,3332,pagamento,2025-04-23,resolvido,24,2025-04-24 02:00:00
190,3336,lentidão,2025-04-11,resolvido,36,2025-04-11 01:00:00
191,3335,bug,2025-04-23,resolvido,48,2025-04-23 16:00:00
192,3335,dúvida,2025-03-22,resolvido,8,2025-03-23 12:00:00
193,3333,bug,2025-04-23,resolvido,48,2025-04-23 13:00:00
194,3336,bug,2025-01-02,resolvido,48,2025-01-03 00:00:00
195,3331,lentidão,2025-05-10,resolvido,36,2025-05-11 05:00:00
196,3331,acesso,2025-02-23,resolvido,12,2025-02-24 04:00:00
197,3333,cancelamento,2025-03-28,resolvido,24,2025-03-28 19:00:00
198,3333,cancelamento,2025-05-09,resolvido,24,2025-05-09 20:00:00
199,3333,dúvida,2025-05-27,aberto,8,
200,3331,dúvida,2025-05-06,não resolvido,8,2025-05-07 10:00:00
201,3335,cancelamento,2025-05-10,aberto,24,
202,3333,acesso,2025-02-22,não resolvido,12,2025-02-22 15:00:00
203,3332,cancelamento,2025-06-21,aberto,24,
204,3333,acesso,2025-06-09,resolvido,12,2025-06-09 16:00:00
205,3334,dúvida,2025-06-09,aberto,8,
206,3333,pagamento,2025-03-09,não resolvido,24,2025-03-09 01:00:00
207,3331,lentidão,2025-05-03,resolvido,36,2025-05-03 03:00:00
208,3336,dúvida,2025-05-25,aberto,8,
209,3333,dúvida,2025-02-07,resolvido,8,2025-02-08 14:00:00
210,3336,bug,2025-01-24,resolvido,48,2025-01-25 09:00:00
211,3334,bug,2025-03-10,resolvido,48,2025-03-11 05:00:00
212,3332,bug,2025-04-26,não resolvido,48,2025-04-26 05:00:00
213,3336,lentidão,2025-04-08,resolvido,36,2025-04-08 16:00:00
214,3335,bug,2025-05-19,resolvido,48,2025-05-20 14:00:00
215,3333,acesso,2025-05-24,resolvido,12,2025-05-25 00:00:00
216,3334,cancelamento,2025-04-07,resolvido,24,2025-04-07 04:00:00
217,3334,pagamento,2025-05-04,aberto,24,
218,3336,dúvida,2025-03-11,resolvido,8,2025-03-11 19:00:00
219,3332,acesso,2025-04-03,resolvido,12,2025-04-03 15:00:00
220,3331,pagamento,2025-01-03,não resolvido,24,2025-01-04 16:00:00
221,3333,acesso,2025-05-28,resolvido,12,2025-05-29 12:00:00
222,3334,acesso,2025-06-13,resolvido,12,2025-06-14 15:00:00
223,3332,dúvida,2025-05-27,resolvido,8,2025-05-27 08:00:00
224,3335,cancelamento,2025-03-31,não resolvido,24,2025-03-31 04:00:00
225,3334,bug,2025-05-27,resolvido,48,2025-05-28 17:00:00
226,3332,lentidão,2025-05-28,resolvido,36,2025-05-28 01:00:00
227,3331,cancelamento,2025-04-06,não resolvido,24,2025-04-06 08:00:00
228,3331,lentidão,2025-02-21,aberto,36,
229,3334,dúvida,2025-06-10,aberto,8,
230,3334,dúvida,2025-06-17,resolvido,8,2025-06-17 21:00:00
231,3336,dúvida,2025-05-08,não resolvido,8,2025-05-08 21:00:00
232,3333,pagamento,2025-02-08,resolvido,24,2025-02-08 21:00:00
233,3332,lentidão,2025-03-23,resolvido,36,2025-03-24 09:00:00
234,3334,cancelamento,2025-04-14,resolvido,24,2025-04-15 04:00:00
235,3333,cancelamento,2025-05-09,resolvido,24,2025-05-10 13:00:00
236,3336,acesso,2025-01-11,resolvido,12,2025-01-12 21:00:00
237,3333,acesso,2025-06-27,resolvido,12,2025-06-28 08:00:00
238,3334,acesso,2025-05-31,resolvido,12,2025-05-31 17:00:00
239,3331,dúvida,2025-06-08,resolvido,8,2025-06-08 06:00:00
240,3332,cancelamento,2025-02-11,resolvido,24,2025-02-11 00:00:00
241,3332,lentidão,2025-04-09,resolvido,36,2025-04-10 08:00:00
242,3331,dúvida,2025-01-07,não resolvido,8,2025-01-07 00:00:00
243,3334,pagamento,2025-05-24,aberto,24,
244,3332,acesso,2025-03-31,não resolvido,12,2025-03-31 03:00:00
245,3334,dúvida,2025-04-22,não resolvido,8,2025-04-22 03:00:00
246,3336,dúvida,2025-03-01,resolvido,8,2025-03-01 17:00:00
247,3334,pagamento,2025-04-23,resolvido,24,2025-04-24 02:00:00
248,3333,bug,2025-01-02,resolvido,48,2025-01-03 18:00:00
249,3331,cancelamento,2025-05-09,resolvido,24,2025-05-10 07:00:00
250,3334,lentidão,2025-02-17,resolvido,36,2025-02-18 08:00:00
251,3336,bug,2025-05-20,aberto,48,
252,3335,acesso,2025-02-06,resolvido,12,2025-02-07 17:00:00
253,3331,dúvida,2025-06-09,não resolvido,8,2025-06-10 16:00:00
254,3332,pagamento,2025-01-09,resolvido,24,2025-01-10 11:00:00
255,3333,pagamento,2025-04-09,não resolvido,24,2025-04-09 05:00:00
256,3332,cancelamento,2025-05-27,resolvido,24,2025-05-27 15:00:00
257,3336,bug,2025-02-17,não resolvido,48,2025-02-18 09:00:00
258,3336,cancelamento,2025-05-11,resolvido,24,2025-05-11 22:00:00
259,3332,dúvida,2025-05-28,aberto,8,
260,3331,cancelamento,2025-06-01,resolvido,24,2025-06-01 23:00:00
261,3332,lentidão,2025-02-23,aberto,36,
262,3334,pagamento,2025-04-30,resolvido,24,2025-04-30 17:00:00
263,3332,pagamento,2025-06-10,não resolvido,24,2025-06-10 12:00:00
264,3333,acesso,2025-06-01,resolvido,12,2025-06-02 12:00:00
265,3333,acesso,2025-04-26,resolvido,12,2025-04-27 18:00:00
266,3335,dúvida,2025-03-16,resolvido,8,2025-03-17 14:00:00
267,3333,lentidão,2025-04-23,não resolvido,36,2025-04-24 17:00:00
268,3332,bug,2025-06-13,resolvido,48,2025-06-13 16:00:00
269,3333,cancelamento,2025-06-15,resolvido,24,2025-06-15 14:00:00
270,3331,dúvida,2025-04-14,resolvido,8,2025-04-14 17:00:00
271,3333,acesso,2025-03-25,resolvido,12,2025-03-25 22:00:00
272,3334,cancelamento,2025-04-22,resolvido,24,2025-04-23 05:00:00
273,3331,acesso,2025-04-09,não resolvido,12,2025-04-10 09:00:00
274,3335,cancelamento,2025-06-02,resolvido,24,2025-06-02 03:00:00
275,3334,bug,2025-04-03,não resolvido,48,2025-04-03 02:00:00
276,3332,dúvida,2025-05-26,aberto,8,
277,3332,cancelamento,2025-05-08,resolvido,24,2025-05-08 17:00:00
278,3332,lentidão,2025-04-20,não resolvido,36,2025-04-21 17:00:00
279,3334,pagamento,2025-03-23,aberto,24,
280,3334,lentidão,2025-02-23,não resolvido,36,2025-02-24 15:00:00
281,3334,lentidão,2025-06-12,resolvido,36,2025-06-12 05:00:00
282,3331,pagamento,2025-06-18,resolvido,24,2025-06-18 21:00:00
283,3336,lentidão,2025-06-10,não resolvido,36,2025-06-10 00:00:00
284,3331,cancelamento,2025-03-09,resolvido,24,2025-03-09 03:00:00
285,3332,cancelamento,2025-02-02,aberto,24,
286,3336,cancelamento,2025-05-22,resolvido,24,2025-05-23 18:00:00
287,3333,pagamento,2025-01-21,resolvido,24,2025-01-22 04:00:00
288,3332,lentidão,2025-02-17,não resolvido,36,2025-02-17 20:00:00
289,3335,pagamento,2025-05-28,resolvido,24,2025-05-29 01:00:00
290,3331,cancelamento,2025-05-08,resolvido,24,2025-05-08 13:00:00
291,3334,lentidão,2025-05-16,resolvido,36,2025-05-16 08:00:00
292,3331,lentidão,2025-05-15,resolvido,36,2025-05-16 22:00:00
293,3334,acesso,2025-05-25,resolvido,12,2025-05-25 11:00:00
294,3336,acesso,2025-05-08,resolvido,12,2025-05-09 17:00:00
295,3335,bug,2025-02-02,não resolvido,48,2025-02-02 05:00:00
296,3336,dúvida,2025-06-25,resolvido,8,2025-06-25 19:00:00
297,3335,acesso,2025-04-25,resolvido,12,2025-04-25 23:00:00
298,3331,pagamento,2025-04-29,aberto,24,
299,3334,acesso,2025-01-22,aberto,12,
300,3336,bug,2025-06-07,resolvido,48,2025-06-07 07:00:00
301,3335,lentidão,2025-02-07,resolvido,36,2025-02-07 00:00:00
302,3332,bug,2025-04-19,resolvido,48,2025-04-19 23:00:00
303,3332,lentidão,2025-02-20,resolvido,36,2025-02-21 22:00:00
304,3336,lentidão,2025-01-08,resolvido,36,2025-01-08 06:00:00
305,3334,dúvida,2025-01-27,não resolvido,8,2025-01-27 18:00:00
306,3336,acesso,2025-01-27,não resolvido,12,2025-01-27 21:00:00
307,3331,pagamento,2025-01-21,não resolvido,24,2025-01-22 10:00:00
308,3335,pagamento,2025-01-30,resolvido,24,2025-01-31 05:00:00
309,3331,cancelamento,2025-04-07,resolvido,24,2025-04-08 04:00:00
310,3332,lentidão,2025-01-28,resolvido,36,2025-01-28 21:00:00
311,3335,pagamento,2025-04-21,aberto,24,
312,3336,dúvida,2025-03-02,resolvido,8,2025-03-02 19:00:00
313,3331,lentidão,2025-02-17,não resolvido,36,2025-02-18 04:00:00
314,3333,dúvida,2025-05-27,não resolvido,8,2025-05-28 16:00:00
315,3334,pagamento,2025-01-04,resolvido,24,2025-01-05 17:00:00
316,3334,pagamento,2025-02-04,resolvido,24,2025-02-05 09:00:00
317,3333,cancelamento,2025-02-18,não resolvido,24,2025-02-18 00:00:00
318,3332,pagamento,2025-01-17,aberto,24,
319,3335,lentidão,2025-06-21,resolvido,36,2025-06-22 05:00:00
320,3334,lentidão,2025-06-07,não resolvido,36,2025-06-08 23:00:00
321,3333,lentidão,2025-02-15,resolvido,36,2025-02-15 17:00:00
322,3336,cancelamento,2025-04-27,aberto,24,
323,3333,cancelamento,2025-01-06,resolvido,24,2025-01-07 13:00:00
324,3332,pagamento,2025-04-09,não resolvido,24,2025-04-09 13:00:00
325,3332,bug,2025-05-04,resolvido,48,2025-05-04 22:00:00
326,3331,bug,2025-02-06,resolvido,48,2025-02-07 00:00:00
327,3334,cancelamento,2025-01-24,resolvido,24,2025-01-24 14:00:00
328,3331,pagamento,2025-04-03,resolvido,24,2025-04-04 21:00:00
329,3333,bug,2025-02-15,resolvido,48,2025-02-15 21:00:00
330,3335,pagamento,2025-06-30,resolvido,24,2025-06-30 02:00:00
331,3335,pagamento,2025-04-05,aberto,24,
332,3332,pagamento,2025-04-09,não resolvido,24,2025-04-10 19:00:00
333,3335,acesso,2025-04-26,aberto,12,
334,3335,lentidão,2025-06-09,resolvido,36,2025-06-10 10:00:00
335,3335,pagamento,2025-06-10,aberto,24,
336,3333,acesso,2025-03-08,resolvido,12,2025-03-08 20:00:00
337,3335,cancelamento,2025-05-08,resolvido,24,2025-05-09 04:00:00
338,3336,bug,2025-01-18,resolvido,48,2025-01-18 05:00:00
339,3335,lentidão,2025-01-25,resolvido,36,2025-01-26 12:00:00
340,3335,bug,2025-02-23,resolvido,48,2025-02-23 00:00:00
341,3331,lentidão,2025-02-27,aberto,36,
342,3333,bug,2025-03-08,resolvido,48,2025-03-09 02:00:00
343,3332,lentidão,2025-04-14,não resolvido,36,2025-04-14 20:00:00
344,3331,bug,2025-06-23,resolvido,48,2025-06-23 15:00:00
345,3334,bug,2025-01-24,resolvido,48,2025-01-25 19:00:00
346,3333,bug,2025-04-24,resolvido,48,2025-04-25 15:00:00
347,3336,bug,2025-02-01,aberto,48,
348,3333,cancelamento,2025-06-24,resolvido,24,2025-06-24 15:00:00
349,3334,pagamento,2025-03-27,resolvido,24,2025-03-28 03:00:00
350,3334,dúvida,2025-05-31,resolvido,8,2025-05-31 00:00:00
351,3334,acesso,2025-05-07,aberto,12,
352,3332,dúvida,2025-06-04,não resolvido,8,2025-06-04 09:00:00
353,3335,dúvida,2025-05-10,resolvido,8,2025-05-11 18:00:00
354,3333,lentidão,2025-01-17,não resolvido,36,2025-01-17 16:00:00
355,3335,pagamento,2025-04-14,resolvido,24,2025-04-14 22:00:00
356,3335,lentidão,2025-06-10,resolvido,36,2025-06-10 06:00:00
357,3336,pagamento,2025-05-17,aberto,24,
358,3334,pagamento,2025-02-12,resolvido,24,2025-02-12 06:00:00
359,3332,bug,2025-06-25,não resolvido,48,2025-06-26 19:00:00
360,3336,cancelamento,2025-02-08,resolvido,24,2025-02-08 14:00:00
361,3331,bug,2025-06-19,não resolvido,48,2025-06-20 09:00:00
362,3332,cancelamento,2025-01-26,resolvido,24,2025-01-27 21:00:00
363,3335,lentidão,2025-04-09,aberto,36,
364,3332,cancelamento,2025-02-19,aberto,24,
365,3334,lentidão,2025-06-02,resolvido,36,2025-06-02 13:00:00
366,3331,dúvida,2025-06-01,não resolvido,8,2025-06-01 13:00:00
367,3334,dúvida,2025-01-13,resolvido,8,2025-01-13 15:00:00
368,3331,cancelamento,2025-03-01,resolvido,24,2025-03-01 06:00:00
369,3336,cancelamento,2025-05-15,resolvido,24,2025-05-16 07:00:00
370,3335,lentidão,2025-02-26,aberto,36,
371,3331,bug,2025-02-05,resolvido,48,2025-02-05 01:00:00
372,3331,lentidão,2025-06-22,aberto,36,
373,3331,bug,2025-01-20,não resolvido,48,2025-01-20 16:00:00
374,3332,dúvida,2025-03-06,resolvido,8,2025-03-07 12:00:00
375,3336,pagamento,2025-01-08,resolvido,24,2025-01-08 11:00:00
376,3332,cancelamento,2025-05-24,resolvido,24,2025-05-24 05:00:00
377,3335,bug,2025-05-22,resolvido,48,2025-05-22 21:00:00
378,3331,lentidão,2025-04-25,não resolvido,36,2025-04-26 07:00:00
379,3336,dúvida,2025-05-23,resolvido,8,2025-05-24 16:00:00
380,3336,bug,2025-04-02,aberto,48,
381,3333,lentidão,2025-04-08,resolvido,36,2025-04-08 00:00:00
382,3335,cancelamento,2025-03-07,resolvido,24,2025-03-08 22:00:00
383,3336,cancelamento,2025-02-01,aberto,24,
384,3331,acesso,2025-03-27,não resolvido,12,2025-03-27 18:00:00
385,3331,pagamento,2025-02-20,resolvido,24,2025-02-20 17:00:00
386,3336,acesso,2025-06-02,não resolvido,12,2025-06-02 05:00:00
387,3332,dúvida,2025-03-04,resolvido,8,2025-03-05 20:00:00
388,3335,bug,2025-05-05,resolvido,48,2025-05-06 08:00:00
389,3331,dúvida,2025-05-30,resolvido,8,2025-05-30 22:00:00
390,3336,lentidão,2025-02-27,resolvido,36,2025-02-27 22:00:00
391,3331,cancelamento,2025-02-27,não resolvido,24,2025-02-28 01:00:00
392,3336,acesso,2025-03-27,resolvido,12,2025-03-27 12:00:00
393,3335,acesso,2025-02-18,não resolvido,12,2025-02-18 06:00:00
394,3336,acesso,2025-06-29,resolvido,12,2025-06-29 14:00:00
395,3333,dúvida,2025-06-19,resolvido,8,2025-06-20 19:00:00
396,3336,cancelamento,2025-03-11,resolvido,24,2025-03-12 02:00:00
397,3336,bug,2025-01-15,resolvido,48,2025-01-16 01:00:00
398,3335,lentidão,2025-02-23,resolvido,36,2025-02-24 08:00:00
399,3336,bug,2025-04-11,não resolvido,48,2025-04-11 14:00:00
400,3335,dúvida,2025-01-08,resolvido,8,2025-01-09 11:00:00
401,3333,lentidão,2025-02-22,resolvido,36,2025-02-23 20:00:00
402,3335,acesso,2025-03-01,resolvido,12,2025-03-02 02:00:00
403,3331,pagamento,2025-04-18,não resolvido,24,2025-04-18 04:00:00
404,3335,dúvida,2025-01-05,resolvido,8,2025-01-05 01:00:00
405,3333,dúvida,2025-04-13,não resolvido,8,2025-04-14 08:00:00
406,3334,cancelamento,2025-01-06,resolvido,24,2025-01-06 15:00:00
407,3336,bug,2025-04-19,resolvido,48,2025-04-19 22:00:00
408,3335,dúvida,2025-04-26,resolvido,8,2025-04-27 13:00:00
409,3336,dúvida,2025-04-04,resolvido,8,2025-04-04 15:00:00
410,3332,acesso,2025-02-16,resolvido,12,2025-02-16 13:00:00
411,3331,acesso,2025-04-09,resolvido,12,2025-04-10 04:00:00
412,3331,lentidão,2025-02-24,resolvido,36,2025-02-25 01:00:00
413,3332,pagamento,2025-06-17,resolvido,24,2025-06-18 10:00:00
414,3332,cancelamento,2025-02-21,aberto,24,
415,3335,pagamento,2025-05-24,não resolvido,24,2025-05-24 02:00:00
416,3332,lentidão,2025-01-13,resolvido,36,2025-01-13 22:00:00
417,3334,acesso,2025-04-24,não resolvido,12,2025-04-25 04:00:00
418,3336,bug,2025-05-04,aberto,48,
419,3336,acesso,2025-04-16,resolvido,12,2025-04-17 08:00:00
420,3333,cancelamento,2025-06-07,resolvido,24,2025-06-08 16:00:00
421,3332,acesso,2025-05-27,resolvido,12,2025-05-28 16:00:00
422,3332,cancelamento,2025-05-25,resolvido,24,2025-05-25 22:00:00
423,3334,cancelamento,2025-04-30,aberto,24,
424,3331,cancelamento,2025-03-04,resolvido,24,2025-03-04 02:00:00
425,3331,lentidão,2025-01-19,resolvido,36,2025-01-20 07:00:00
426,3336,cancelamento,2025-04-02,aberto,24,
427,3336,cancelamento,2025-02-27,resolvido,24,2025-02-27 17:00:00
428,3335,bug,2025-03-31,resolvido,48,2025-04-01 18:00:00
429,3334,pagamento,2025-04-27,aberto,24,
430,3333,dúvida,2025-03-03,não resolvido,8,2025-03-04 16:00:00
431,3333,pagamento,2025-01-23,não resolvido,24,2025-01-23 00:00:00
432,3334,cancelamento,2025-05-07,resolvido,24,2025-05-07 13:00:00
433,3333,bug,2025-05-17,aberto,48,
434,3331,acesso,2025-05-20,resolvido,12,2025-05-20 05:00:00
435,3333,bug,2025-05-09,resolvido,48,2025-05-10 14:00:00
436,3333,cancelamento,2025-02-27,resolvido,24,2025-02-27 09:00:00
437,3334,bug,2025-05-02,resolvido,48,2025-05-02 06:00:00
438,3334,bug,2025-01-01,resolvido,48,2025-01-02 01:00:00
439,3333,cancelamento,2025-02-03,resolvido,24,2025-02-04 09:00:00
440,3332,lentidão,2025-04-06,resolvido,36,2025-04-07 05:00:00
441,3334,bug,2025-05-06,resolvido,48,2025-05-07 11:00:00
442,3335,dúvida,2025-04-28,não resolvido,8,2025-04-28 20:00:00
443,3335,dúvida,2025-02-17,resolvido,8,2025-02-17 16:00:00
444,3331,bug,2025-03-30,resolvido,48,2025-03-31 08:00:00
445,3333,lentidão,2025-04-27,não resolvido,36,2025-04-27 09:00:00
446,3332,acesso,2025-05-09,resolvido,12,2025-05-10 22:00:00
447,3331,cancelamento,2025-01-16,resolvido,24,2025-01-17 17:00:00
448,3333,dúvida,2025-03-10,resolvido,8,2025-03-10 11:00:00
449,3334,acesso,2025-01-22,resolvido,12,2025-01-22 15:00:00
450,3335,bug,2025-04-03,não resolvido,48,2025-04-04 16:00:00
451,3336,acesso,2025-03-17,resolvido,12,2025-03-18 07:00:00
452,3332,pagamento,2025-06-03,não resolvido,24,2025-06-03 14:00:00
453,3336,dúvida,2025-05-24,aberto,8,
454,3335,bug,2025-06-28,aberto,48,
455,3336,cancelamento,2025-03-27,resolvido,24,2025-03-27 16:00:00
456,3334,lentidão,2025-01-29,resolvido,36,2025-01-30 21:00:00
457,3333,bug,2025-03-10,resolvido,48,2025-03-10 01:00:00
458,3334,cancelamento,2025-02-16,resolvido,24,2025-02-17 11:00:00
459,3336,lentidão,2025-04-04,resolvido,36,2025-04-04 06:00:00
460,3334,lentidão,2025-05-24,aberto,36,
461,3335,bug,2025-06-25,não resolvido,48,2025-06-25 14:00:00
462,3332,acesso,2025-03-26,resolvido,12,2025-03-27 00:00:00
463,3334,acesso,2025-02-08,resolvido,12,2025-02-08 22:00:00
464,3335,lentidão,2025-04-10,resolvido,36,2025-04-10 21:00:00
465,3332,acesso,2025-02-02,não resolvido,12,2025-02-03 01:00:00
466,3333,pagamento,2025-04-11,aberto,24,
467,3336,lentidão,2025-01-23,não resolvido,36,2025-01-23 10:00:00
468,3333,lentidão,2025-01-10,resolvido,36,2025-01-10 09:00:00
469,3331,cancelamento,2025-03-10,resolvido,24,2025-03-11 00:00:00
470,3335,acesso,2025-04-10,resolvido,12,2025-04-11 12:00:00
471,3332,lentidão,2025-02-03,não resolvido,36,2025-02-04 23:00:00
472,3334,pagamento,2025-06-29,resolvido,24,2025-06-30 18:00:00
473,3333,cancelamento,2025-05-18,resolvido,24,2025-05-19 13:00:00
474,3332,bug,2025-05-27,resolvido,48,2025-05-28 16:00:00
475,3335,lentidão,2025-04-06,resolvido,36,2025-04-07 20:00:00
476,3331,pagamento,2025-01-01,não resolvido,24,2025-01-01 23:00:00
477,3333,dúvida,2025-03-10,resolvido,8,2025-03-11 15:00:00
478,3336,pagamento,2025-01-04,não resolvido,24,2025-01-05 21:00:00
479,3332,pagamento,2025-01-16,aberto,24,
480,3336,cancelamento,2025-01-24,aberto,24,
481,3332,bug,2025-03-21,aberto,48,
482,3332,dúvida,2025-01-02,resolvido,8,2025-01-03 12:00:00
483,3335,acesso,2025-05-08,resolvido,12,2025-05-08 01:00:00
484,3335,acesso,2025-06-09,aberto,12,
485,3335,pagamento,2025-03-25,aberto,24,
486,3334,cancelamento,2025-06-01,não resolvido,24,2025-06-01 08:00:00
487,3332,cancelamento,2025-05-20,não resolvido,24,2025-05-20 03:00:00
488,3333,acesso,2025-06-27,não resolvido,12,2025-06-27 16:00:00
489,3336,dúvida,2025-06-12,não resolvido,8,2025-06-12 16:00:00
490,3335,bug,2025-05-04,resolvido,48,2025-05-05 23:00:00
491,3335,dúvida,2025-02-02,aberto,8,
492,3336,lentidão,2025-06-10,resolvido,36,2025-06-11 15:00:00
493,3336,lentidão,2025-06-28,resolvido,36,2025-06-28 10:00:00
494,3332,bug,2025-06-20,resolvido,48,2025-06-20 20:00:00
495,3335,acesso,2025-04-11,resolvido,12,2025-04-11 20:00:00
496,3336,bug,2025-01-12,aberto,48,
497,3334,cancelamento,2025-03-08,resolvido,24,2025-03-09 04:00:00
498,3334,lentidão,2025-03-06,resolvido,36,2025-03-06 23:00:00
499,3335,pagamento,2025-06-10,resolvido,24,2025-06-10 09:00:00
500,3336,pagamento,2025-06-17,resolvido,24,2025-06-18 20:00:00
501,3332,acesso,2025-03-15,resolvido,12,2025-03-15 16:00:00
502,3332,cancelamento,2025-02-12,aberto,24,
503,3332,dúvida,2025-02-13,aberto,8,
504,3331,cancelamento,2025-01-29,não resolvido,24,2025-01-30 23:00:00
505,3335,pagamento,2025-05-21,resolvido,24,2025-05-21 19:00:00
506,3332,pagamento,2025-01-12,aberto,24,
507,3334,lentidão,2025-04-05,não resolvido,36,2025-04-06 20:00:00
508,3336,cancelamento,2025-02-15,resolvido,24,2025-02-15 17:00:00
509,3333,cancelamento,2025-05-10,resolvido,24,2025-05-10 16:00:00
510,3333,pagamento,2025-02-04,aberto,24,
511,3332,dúvida,2025-03-22,resolvido,8,2025-03-22 13:00:00
512,3333,acesso,2025-03-31,resolvido,12,2025-04-01 04:00:00
513,3333,acesso,2025-01-08,resolvido,12,2025-01-09 06:00:00
514,3331,cancelamento,2025-04-03,não resolvido,24,2025-04-03 03:00:00
515,3334,acesso,2025-06-03,resolvido,12,2025-06-03 17:00:00
516,3334,pagamento,2025-03-31,resolvido,24,2025-03-31 19:00:00
517,3331,pagamento,2025-06-11,resolvido,24,2025-06-12 22:00:00
518,3331,cancelamento,2025-04-25,resolvido,24,2025-04-26 18:00:00
519,3333,cancelamento,2025-04-15,aberto,24,
520,3335,lentidão,2025-05-15,resolvido,36,2025-05-15 08:00:00
521,3336,cancelamento,2025-02-27,não resolvido,24,2025-02-27 12:00:00
522,3336,dúvida,2025-04-24,resolvido,8,2025-04-24 14:00:00
523,3333,acesso,2025-03-16,resolvido,12,2025-03-17 02:00:00
524,3336,cancelamento,2025-06-06,aberto,24,
525,3331,bug,2025-04-30,resolvido,48,2025-05-01 03:00:00
526,3334,lentidão,2025-06-13,resolvido,36,2025-06-14 12:00:00
527,3336,bug,2025-01-21,resolvido,48,2025-01-21 18:00:00
528,3333,pagamento,2025-06-13,resolvido,24,2025-06-14 01:00:00
529,3335,acesso,2025-05-18,resolvido,12,2025-05-19 01:00:00
530,3333,cancelamento,2025-04-11,não resolvido,24,2025-04-12 00:00:00
531,3332,bug,2025-06-01,resolvido,48,2025-06-02 01:00:00
532,3333,acesso,2025-06-26,não resolvido,12,2025-06-27 01:00:00
533,3331,pagamento,2025-04-09,resolvido,24,2025-04-10 21:00:00
534,3334,dúvida,2025-02-05,resolvido,8,2025-02-06 03:00:00
535,3334,lentidão,2025-04-06,resolvido,36,2025-04-06 17:00:00
536,3336,acesso,2025-06-01,resolvido,12,2025-06-02 07:00:00
537,3331,acesso,2025-05-31,resolvido,12,2025-05-31 02:00:00
538,3332,dúvida,2025-02-06,resolvido,8,2025-02-06 01:00:00
539,3331,acesso,2025-01-12,resolvido,12,2025-01-13 08:00:00
540,3333,pagamento,2025-04-23,resolvido,24,2025-04-24 17:00:00
541,3331,pagamento,2025-01-13,aberto,24,
542,3331,dúvida,2025-01-23,não resolvido,8,2025-01-23 16:00:00
543,3332,lentidão,2025-04-09,resolvido,36,2025-04-10 19:00:00
544,3333,cancelamento,2025-04-15,resolvido,24,2025-04-16 08:00:00
545,3335,bug,2025-01-30,resolvido,48,2025-01-30 11:00:00
546,3335,cancelamento,2025-01-17,não resolvido,24,2025-01-17 02:00:00
547,3334,acesso,2025-04-23,não resolvido,12,2025-04-24 18:00:00
548,3336,bug,2025-03-03,resolvido,48,2025-03-04 01:00:00
549,3331,dúvida,2025-03-25,resolvido,8,2025-03-26 10:00:00
550,3334,dúvida,2025-04-22,resolvido,8,2025-04-22 07:00:00
551,3332,lentidão,2025-03-27,aberto,36,
552,3335,bug,2025-05-21,resolvido,48,2025-05-21 06:00:00
553,3331,pagamento,2025-01-19,resolvido,24,2025-01-20 21:00:00
554,3332,bug,2025-06-26,resolvido,48,2025-06-27 21:00:00
555,3336,acesso,2025-04-10,resolvido,12,2025-04-11 11:00:00
556,3332,pagamento,2025-05-20,não resolvido,24,2025-05-20 15:00:00
557,3331,dúvida,2025-05-27,resolvido,8,2025-05-27 23:00:00
558,3336,bug,2025-03-17,resolvido,48,2025-03-17 00:00:00
559,3332,cancelamento,2025-01-09,resolvido,24,2025-01-10 00:00:00
560,3336,lentidão,2025-01-28,não resolvido,36,2025-01-28 09:00:00
561,3331,cancelamento,2025-05-08,aberto,24,
562,3331,lentidão,2025-02-21,não resolvido,36,2025-02-21 15:00:00
563,3336,acesso,2025-03-24,não resolvido,12,2025-03-24 07:00:00
564,3333,cancelamento,2025-04-21,aberto,24,
565,3334,bug,2025-05-24,resolvido,48,2025-05-25 14:00:00
566,3332,bug,2025-04-27,não resolvido,48,2025-04-28 03:00:00
567,3332,cancelamento,2025-03-10,resolvido,24,2025-03-10 05:00:00
568,3333,bug,2025-04-09,não resolvido,48,2025-04-09 15:00:00
569,3333,acesso,2025-05-20,não resolvido,12,2025-05-20 19:00:00
570,3333,pagamento,2025-01-25,resolvido,24,2025-01-25 15:00:00
571,3335,acesso,2025-06-29,resolvido,12,2025-06-29 06:00:00
572,3335,lentidão,2025-05-03,não resolvido,36,2025-05-04 16:00:00
573,3336,acesso,2025-02-22,resolvido,12,2025-02-22 13:00:00
574,3335,lentidão,2025-05-31,aberto,36,
575,3331,bug,2025-05-24,aberto,48,
576,3336,pagamento,2025-02-26,resolvido,24,2025-02-27 01:00:00
577,3332,bug,2025-02-08,não resolvido,48,2025-02-08 13:00:00
578,3334,dúvida,2025-04-19,não resolvido,8,2025-04-19 06:00:00
579,3331,bug,2025-06-30,resolvido,48,2025-07-01 08:00:00
580,3332,lentidão,2025-02-11,aberto,36,
581,3332,bug,2025-06-16,resolvido,48,2025-06-17 20:00:00
582,3336,bug,2025-05-22,não resolvido,48,2025-05-22 19:00:00
583,3333,pagamento,2025-05-02,resolvido,24,2025-05-02 02:00:00
584,3333,bug,2025-05-13,resolvido,48,2025-05-13 03:00:00
585,3331,pagamento,2025-06-12,aberto,24,
586,3333,cancelamento,2025-03-16,resolvido,24,2025-03-16 10:00:00
587,3332,dúvida,2025-05-26,não resolvido,8,2025-05-26 01:00:00
588,3333,pagamento,2025-03-17,resolvido,24,2025-03-17 13:00:00
589,3335,lentidão,2025-01-09,resolvido,36,2025-01-10 19:00:00
590,3333,cancelamento,2025-03-15,resolvido,24,2025-03-16 05:00:00
591,3332,pagamento,2025-05-25,não resolvido,24,2025-05-25 11:00:00
592,3336,pagamento,2025-01-07,aberto,24,
593,3331,dúvida,2025-06-23,resolvido,8,2025-06-24 19:00:00
594,3334,lentidão,2025-05-21,resolvido,36,2025-05-22 08:00:00
595,3333,acesso,2025-06-17,não resolvido,12,2025-06-17 12:00:00
596,3332,acesso,2025-06-19,resolvido,12,2025-06-19 13:00:00
597,3334,pagamento,2025-05-17,aberto,24,
598,3334,bug,2025-06-27,resolvido,48,2025-06-28 09:00:00
599,3335,lentidão,2025-01-27,resolvido,36,2025-01-28 19:00:00
600,3334,cancelamento,2025-05-02,aberto,24,
601,3336,bug,2025-01-05,não resolvido,48,2025-01-05 20:00:00
602,3332,bug,2025-01-29,resolvido,48,2025-01-30 03:00:00
603,3332,lentidão,2025-06-14,resolvido,36,2025-06-15 23:00:00
604,3333,pagamento,2025-06-15,resolvido,24,2025-06-16 11:00:00
605,3333,pagamento,2025-03-24,resolvido,24,2025-03-25 15:00:00
606,3333,pagamento,2025-05-16,resolvido,24,2025-05-16 01:00:00
607,3336,pagamento,2025-04-19,não resolvido,24,2025-04-20 17:00:00
608,3334,acesso,2025-03-06,resolvido,12,2025-03-06 08:00:00
609,3334,pagamento,2025-03-27,resolvido,24,2025-03-27 22:00:00
610,3335,acesso,2025-05-25,resolvido,12,2025-05-25 14:00:00
611,3336,acesso,2025-03-12,resolvido,12,2025-03-12 12:00:00
612,3333,pagamento,2025-02-14,aberto,24,
613,3331,dúvida,2025-05-12,resolvido,8,2025-05-12 16:00:00
614,3335,cancelamento,2025-02-05,não resolvido,24,2025-02-06 23:00:00
615,3331,bug,2025-03-11,aberto,48,
616,3334,acesso,2025-06-08,resolvido,12,2025-06-08 19:00:00
617,3335,lentidão,2025-01-19,não resolvido,36,2025-01-19 19:00:00
618,3335,lentidão,2025-04-18,aberto,36,
619,3332,cancelamento,2025-06-16,resolvido,24,2025-06-16 02:00:00
620,3334,lentidão,2025-04-01,resolvido,36,2025-04-01 11:00:00
621,3334,dúvida,2025-03-31,resolvido,8,2025-04-01 15:00:00
622,3336,lentidão,2025-01-19,aberto,36,
623,3335,bug,2025-02-08,aberto,48,
624,3334,bug,2025-05-06,resolvido,48,2025-05-06 13:00:00
625,3335,acesso,2025-06-22,não resolvido,12,2025-06-22 15:00:00
626,3336,pagamento,2025-05-21,resolvido,24,2025-05-21 18:00:00
627,3336,dúvida,2025-05-06,resolvido,8,2025-05-07 09:00:00
628,3332,acesso,2025-02-27,aberto,12,
629,3335,dúvida,2025-05-28,resolvido,8,2025-05-29 21:00:00
630,3334,pagamento,2025-03-02,resolvido,24,2025-03-02 05:00:00
631,3334,lentidão,2025-05-07,não resolvido,36,2025-05-07 12:00:00
632,3335,lentidão,2025-04-15,não resolvido,36,2025-04-16 11:00:00
633,3335,pagamento,2025-06-16,resolvido,24,2025-06-16 21:00:00
634,3335,acesso,2025-01-01,não resolvido,12,2025-01-01 17:00:00
635,3333,pagamento,2025-05-11,aberto,24,
636,3334,cancelamento,2025-04-02,resolvido,24,2025-04-03 05:00:00
637,3336,bug,2025-04-23,resolvido,48,2025-04-24 15:00:00
638,3334,acesso,2025-06-02,não resolvido,12,2025-06-02 06:00:00
639,3333,dúvida,2025-02-25,resolvido,8,2025-02-26 07:00:00
640,3335,cancelamento,2025-06-10,resolvido,24,2025-06-11 23:00:00
641,3332,acesso,2025-06-15,não resolvido,12,2025-06-15 18:00:00
642,3335,pagamento,2025-04-27,aberto,24,
643,3335,pagamento,2025-05-14,resolvido,24,2025-05-14 19:00:00
644,3333,pagamento,2025-02-27,resolvido,24,2025-02-28 02:00:00
645,3334,pagamento,2025-02-13,resolvido,24,2025-02-14 18:00:00
646,3335,dúvida,2025-06-22,resolvido,8,2025-06-23 12:00:00
647,3334,cancelamento,2025-06-09,resolvido,24,2025-06-10 23:00:00
648,3331,lentidão,2025-06-22,aberto,36,
649,3336,bug,2025-03-02,não resolvido,48,2025-03-02 04:00:00
650,3334,dúvida,2025-02-16,resolvido,8,2025-02-16 10:00:00
651,3332,dúvida,2025-05-29,aberto,8,
652,3336,lentidão,2025-03-21,resolvido,36,2025-03-21 02:00:00
653,3332,lentidão,2025-04-28,resolvido,36,2025-04-28 04:00:00
654,3335,bug,2025-06-13,resolvido,48,2025-06-13 22:00:00
655,3336,bug,2025-05-27,resolvido,48,2025-05-28 12:00:00
656,3334,lentidão,2025-01-20,resolvido,36,2025-01-20 08:00:00
657,3336,pagamento,2025-05-26,resolvido,24,2025-05-26 14:00:00
658,3335,dúvida,2025-02-16,resolvido,8,2025-02-16 02:00:00
659,3333,acesso,2025-02-18,resolvido,12,2025-02-19 04:00:00
660,3332,bug,2025-01-14,resolvido,48,2025-01-14 05:00:00
661,3335,bug,2025-05-23,resolvido,48,2025-05-23 16:00:00
662,3333,lentidão,2025-06-08,resolvido,36,2025-06-09 01:00:00
663,3336,cancelamento,2025-01-01,resolvido,24,2025-01-01 20:00:00
664,3336,acesso,2025-04-27,resolvido,12,2025-04-27 07:00:00
665,3335,acesso,2025-02-23,não resolvido,12,2025-02-23 20:00:00
666,3334,bug,2025-04-28,resolvido,48,2025-04-28 10:00:00
667,3336,pagamento,2025-01-03,resolvido,24,2025-01-04 13:00:00
668,3334,cancelamento,2025-05-24,não resolvido,24,2025-05-24 07:00:00
669,3334,acesso,2025-01-12,resolvido,12,2025-01-13 17:00:00
670,3334,bug,2025-03-15,resolvido,48,2025-03-15 23:00:00
671,3331,acesso,2025-01-16,resolvido,12,2025-01-17 10:00:00
672,3333,cancelamento,2025-04-12,resolvido,24,2025-04-12 13:00:00
673,3333,cancelamento,2025-06-01,não resolvido,24,2025-06-01 13:00:00
674,3336,dúvida,2025-06-05,resolvido,8,2025-06-05 09:00:00
675,3336,lentidão,2025-04-27,não resolvido,36,2025-04-27 11:00:00
676,3334,lentidão,2025-01-08,resolvido,36,2025-01-09 13:00:00
677,3331,bug,2025-05-02,resolvido,48,2025-05-03 19:00:00
678,3334,cancelamento,2025-04-02,aberto,24,
679,3331,dúvida,2025-06-13,resolvido,8,2025-06-14 09:00:00
680,3334,dúvida,2025-03-31,resolvido,8,2025-04-01 16:00:00
681,3332,acesso,2025-05-16,não resolvido,12,2025-05-16 09:00:00
682,3332,acesso,2025-03-01,resolvido,12,2025-03-01 16:00:00
683,3335,dúvida,2025-06-27,resolvido,8,2025-06-27 16:00:00
684,3334,acesso,2025-01-28,resolvido,12,2025-01-28 02:00:00
685,3336,cancelamento,2025-04-11,resolvido,24,2025-04-12 06:00:00
686,3333,pagamento,2025-02-10,resolvido,24,2025-02-10 00:00:00
687,3335,cancelamento,2025-06-04,resolvido,24,2025-06-04 11:00:00
688,3336,dúvida,2025-05-25,resolvido,8,2025-05-26 14:00:00
689,3332,dúvida,2025-06-10,resolvido,8,2025-06-10 03:00:00
690,3334,cancelamento,2025-06-06,resolvido,24,2025-06-07 17:00:00
691,3335,acesso,2025-05-21,não resolvido,12,2025-05-21 12:00:00
692,3334,acesso,2025-02-15,não resolvido,12,2025-02-16 09:00:00
693,3332,lentidão,2025-02-04,resolvido,36,2025-02-05 17:00:00
694,3335,dúvida,2025-05-14,resolvido,8,2025-05-14 20:00:00
695,3332,bug,2025-03-23,não resolvido,48,2025-03-23 21:00:00
696,3331,lentidão,2025-04-25,resolvido,36,2025-04-25 03:00:00
697,3332,acesso,2025-02-16,não resolvido,12,2025-02-16 17:00:00
698,3334,cancelamento,2025-06-02,resolvido,24,2025-06-02 04:00:00
699,3333,acesso,2025-01-10,resolvido,12,2025-01-10 18:00:00
700,3332,cancelamento,2025-02-25,não resolvido,24,2025-02-25 01:00:00
701,3336,lentidão,2025-01-30,não resolvido,36,2025-01-30 11:00:00
702,3333,dúvida,2025-04-19,resolvido,8,2025-04-19 16:00:00
703,3331,acesso,2025-01-05,resolvido,12,2025-01-05 09:00:00
704,3335,cancelamento,2025-04-29,resolvido,24,2025-04-30 09:00:00
705,3335,dúvida,2025-02-02,aberto,8,
706,3333,bug,2025-04-28,resolvido,48,2025-04-28 07:00:00
707,3335,cancelamento,2025-03-06,resolvido,24,2025-03-06 10:00:00
708,3332,lentidão,2025-05-26,não resolvido,36,2025-05-26 11:00:00
709,3333,bug,2025-06-26,resolvido,48,2025-06-26 08:00:00
710,3334,bug,2025-01-11,resolvido,48,2025-01-11 01:00:00
711,3332,pagamento,2025-03-26,aberto,24,
712,3332,acesso,2025-01-26,resolvido,12,2025-01-26 10:00:00
713,3332,cancelamento,2025-03-04,resolvido,24,2025-03-05 11:00:00
714,3334,bug,2025-03-27,resolvido,48,2025-03-27 09:00:00
715,3331,pagamento,2025-02-28,resolvido,24,2025-02-28 20:00:00
716,3336,lentidão,2025-01-27,não resolvido,36,2025-01-27 19:00:00
717,3335,dúvida,2025-06-26,não resolvido,8,2025-06-27 23:00:00
718,3333,cancelamento,2025-06-10,resolvido,24,2025-06-10 07:00:00
719,3331,bug,2025-04-08,não resolvido,48,2025-04-09 11:00:00
720,3333,acesso,2025-04-15,resolvido,12,2025-04-16 04:00:00
721,3335,pagamento,2025-04-09,resolvido,24,2025-04-10 17:00:00
722,3334,bug,2025-05-09,resolvido,48,2025-05-09 11:00:00
723,3332,acesso,2025-05-29,resolvido,12,2025-05-29 13:00:00
724,3332,bug,2025-02-24,resolvido,48,2025-02-25 23:00:00
725,3334,cancelamento,2025-01-06,não resolvido,24,2025-01-06 20:00:00
726,3331,cancelamento,2025-04-05,resolvido,24,2025-04-05 21:00:00
727,3331,cancelamento,2025-05-13,não resolvido,24,2025-05-13 20:00:00
728,3333,lentidão,2025-04-12,resolvido,36,2025-04-13 19:00:00
729,3334,lentidão,2025-01-03,aberto,36,
730,3331,pagamento,2025-06-30,não resolvido,24,2025-07-01 14:00:00
731,3334,cancelamento,2025-01-23,resolvido,24,2025-01-23 19:00:00
732,3335,acesso,2025-02-22,resolvido,12,2025-02-22 23:00:00
733,3332,bug,2025-06-14,resolvido,48,2025-06-14 22:00:00
734,3332,dúvida,2025-03-24,aberto,8,
735,3332,acesso,2025-05-25,resolvido,12,2025-05-25 08:00:00
736,3334,lentidão,2025-03-26,resolvido,36,2025-03-26 00:00:00
737,3334,lentidão,2025-03-19,resolvido,36,2025-03-20 01:00:00
738,3333,acesso,2025-04-20,não resolvido,12,2025-04-21 13:00:00
739,3332,lentidão,2025-01-01,resolvido,36,2025-01-02 13:00:00
740,3333,cancelamento,2025-02-20,resolvido,24,2025-02-21 19:00:00
741,3332,pagamento,2025-06-22,resolvido,24,2025-06-22 21:00:00
742,3333,bug,2025-01-04,não resolvido,48,2025-01-05 19:00:00
743,3333,pagamento,2025-04-23,resolvido,24,2025-04-23 09:00:00
744,3335,bug,2025-02-01,resolvido,48,2025-02-01 05:00:00
745,3333,bug,2025-02-03,aberto,48,
746,3334,pagamento,2025-04-02,aberto,24,
747,3333,acesso,2025-04-05,não resolvido,12,2025-04-05 23:00:00
748,3332,bug,2025-03-13,resolvido,48,2025-03-13 09:00:00
749,3333,pagamento,2025-02-08,resolvido,24,2025-02-08 07:00:00
750,3331,bug,2025-06-03,resolvido,48,2025-06-03 20:00:00
751,3336,dúvida,2025-06-11,resolvido,8,2025-06-11 05:00:00
752,3332,acesso,2025-04-28,não resolvido,12,2025-04-28 20:00:00
753,3331,cancelamento,2025-01-03,não resolvido,24,2025-01-04 14:00:00
754,3332,bug,2025-05-03,resolvido,48,2025-05-03 23:00:00
755,3334,dúvida,2025-02-19,não resolvido,8,2025-02-20 08:00:00
756,3336,cancelamento,2025-01-12,resolvido,24,2025-01-12 17:00:00
757,3336,cancelamento,2025-02-23,resolvido,24,2025-02-24 03:00:00
758,3334,bug,2025-05-13,resolvido,48,2025-05-14 07:00:00
759,3336,pagamento,2025-02-26,resolvido,24,2025-02-26 11:00:00
760,3334,bug,2025-05-25,resolvido,48,2025-05-26 23:00:00
761,3331,dúvida,2025-04-22,não resolvido,8,2025-04-23 17:00:00
762,3335,cancelamento,2025-02-16,resolvido,24,2025-02-17 02:00:00
763,3332,bug,2025-05-31,não resolvido,48,2025-05-31 09:00:00
764,3334,pagamento,2025-03-26,resolvido,24,2025-03-27 21:00:00
765,3332,bug,2025-05-22,não resolvido,48,2025-05-23 17:00:00
766,3331,acesso,2025-03-07,resolvido,12,2025-03-08 07:00:00
767,3335,pagamento,2025-03-16,resolvido,24,2025-03-17 17:00:00
768,3331,dúvida,2025-06-28,resolvido,8,2025-06-29 01:00:00
769,3336,cancelamento,2025-04-13,não resolvido,24,2025-04-14 00:00:00
770,3332,bug,2025-06-15,aberto,48,
771,3335,pagamento,2025-02-07,não resolvido,24,2025-02-07 22:00:00
772,3336,acesso,2025-02-19,resolvido,12,2025-02-20 09:00:00
773,3335,pagamento,2025-04-08,resolvido,24,2025-04-09 15:00:00
774,3336,lentidão,2025-03-23,não resolvido,36,2025-03-23 22:00:00
775,3331,acesso,2025-01-30,resolvido,12,2025-01-31 04:00:00
776,3334,dúvida,2025-03-20,resolvido,8,2025-03-21 06:00:00
777,3332,cancelamento,2025-04-01,resolvido,24,2025-04-01 06:00:00
778,3333,dúvida,2025-06-28,não resolvido,8,2025-06-29 15:00:00
779,3333,bug,2025-02-21,aberto,48,
780,3331,pagamento,2025-06-15,não resolvido,24,2025-06-15 20:00:00
781,3332,lentidão,2025-03-20,resolvido,36,2025-03-20 01:00:00
782,3332,acesso,2025-01-30,não resolvido,12,2025-01-30 17:00:00
783,3331,acesso,2025-04-16,não resolvido,12,2025-04-17 22:00:00
784,3332,pagamento,2025-02-20,resolvido,24,2025-02-21 08:00:00
785,3334,lentidão,2025-03-22,resolvido,36,2025-03-23 12:00:00
786,3331,pagamento,2025-05-13,resolvido,24,2025-05-14 09:00:00
787,3334,bug,2025-01-29,resolvido,48,2025-01-29 19:00:00
788,3332,dúvida,2025-05-12,aberto,8,
789,3331,acesso,2025-05-18,aberto,12,
790,3332,bug,2025-05-25,aberto,48,
791,3331,dúvida,2025-03-15,resolvido,8,2025-03-15 23:00:00
792,3332,bug,2025-01-17,resolvido,48,2025-01-17 07:00:00
793,3334,lentidão,2025-03-25,resolvido,36,2025-03-26 05:00:00
794,3334,acesso,2025-03-10,não resolvido,12,2025-03-11 19:00:00
795,3332,pagamento,2025-02-03,resolvido,24,2025-02-03 09:00:00
796,3331,pagamento,2025-01-06,resolvido,24,2025-01-06 22:00:00
797,3333,dúvida,2025-02-22,resolvido,8,2025-02-22 10:00:00
798,3334,cancelamento,2025-05-06,não resolvido,24,2025-05-06 01:00:00
799,3334,lentidão,2025-02-12,não resolvido,36,2025-02-13 01:00:00
800,3336,dúvida,2025-04-25,não resolvido,8,2025-04-26 11:00:00
801,3333,cancelamento,2025-04-21,não resolvido,24,2025-04-22 08:00:00
802,3332,bug,2025-05-31,aberto,48,
803,3331,lentidão,2025-03-21,não resolvido,36,2025-03-21 12:00:00
804,3336,bug,2025-04-05,resolvido,48,2025-04-06 15:00:00
805,3332,acesso,2025-04-28,resolvido,12,2025-04-29 00:00:00
806,3335,lentidão,2025-05-24,não resolvido,36,2025-05-24 03:00:00
807,3334,cancelamento,2025-01-08,aberto,24,
808,3335,acesso,2025-05-12,resolvido,12,2025-05-12 18:00:00
809,3334,pagamento,2025-04-14,resolvido,24,2025-04-14 17:00:00
810,3334,cancelamento,2025-05-12,resolvido,24,2025-05-13 12:00:00
811,3335,dúvida,2025-01-25,resolvido,8,2025-01-26 05:00:00
812,3335,pagamento,2025-04-06,resolvido,24,2025-04-06 18:00:00
813,3332,pagamento,2025-06-04,resolvido,24,2025-06-04 22:00:00
814,3336,dúvida,2025-04-03,resolvido,8,2025-04-03 15:00:00
815,3336,lentidão,2025-06-09,não resolvido,36,2025-06-09 00:00:00
816,3335,pagamento,2025-06-27,aberto,24,
817,3332,cancelamento,2025-03-02,resolvido,24,2025-03-02 23:00:00
818,3336,acesso,2025-05-02,não resolvido,12,2025-05-03 09:00:00
819,3332,pagamento,2025-02-20,não resolvido,24,2025-02-20 07:00:00
820,3332,cancelamento,2025-05-27,resolvido,24,2025-05-27 17:00:00
821,3334,bug,2025-01-21,resolvido,48,2025-01-22 23:00:00
822,3336,cancelamento,2025-01-05,não resolvido,24,2025-01-05 04:00:00
823,3336,acesso,2025-04-02,não resolvido,12,2025-04-03 01:00:00
824,3334,cancelamento,2025-06-19,resolvido,24,2025-06-20 05:00:00
825,3335,dúvida,2025-03-02,resolvido,8,2025-03-02 12:00:00
826,3334,acesso,2025-01-22,resolvido,12,2025-01-22 18:00:00
827,3336,lentidão,2025-05-29,resolvido,36,2025-05-30 04:00:00
828,3336,bug,2025-03-11,resolvido,48,2025-03-11 02:00:00
829,3335,dúvida,2025-01-01,aberto,8,
830,3334,lentidão,2025-05-13,resolvido,36,2025-05-14 15:00:00
831,3331,cancelamento,2025-01-12,resolvido,24,2025-01-12 11:00:00
832,3331,acesso,2025-03-31,resolvido,12,2025-03-31 01:00:00
833,3335,bug,2025-02-15,não resolvido,48,2025-02-15 10:00:00
834,3334,dúvida,2025-02-03,resolvido,8,2025-02-04 19:00:00
835,3334,lentidão,2025-06-26,aberto,36,
836,3332,lentidão,2025-03-19,não resolvido,36,2025-03-19 17:00:00
837,3336,bug,2025-02-14,aberto,48,
838,3333,cancelamento,2025-06-04,resolvido,24,2025-06-05 12:00:00
839,3335,bug,2025-03-14,resolvido,48,2025-03-14 21:00:00
840,3333,lentidão,2025-01-26,resolvido,36,2025-01-26 11:00:00
841,3333,pagamento,2025-02-16,não resolvido,24,2025-02-16 01:00:00
842,3335,dúvida,2025-05-01,resolvido,8,2025-05-02 12:00:00
843,3334,bug,2025-02-25,resolvido,48,2025-02-25 06:00:00
844,3335,lentidão,2025-04-04,aberto,36,
845,3333,cancelamento,2025-04-17,resolvido,24,2025-04-18 01:00:00
846,3336,lentidão,2025-03-04,não resolvido,36,2025-03-04 23:00:00
847,3336,cancelamento,2025-02-17,resolvido,24,2025-02-17 11:00:00
848,3336,bug,2025-03-02,resolvido,48,2025-03-02 15:00:00
849,3334,cancelamento,2025-03-22,resolvido,24,2025-03-22 22:00:00
850,3331,acesso,2025-01-26,resolvido,12,2025-01-27 15:00:00
851,3335,acesso,2025-02-05,aberto,12,
852,3336,acesso,2025-01-01,resolvido,12,2025-01-02 07:00:00
853,3335,pagamento,2025-01-08,resolvido,24,2025-01-08 14:00:00
854,3336,bug,2025-04-23,resolvido,48,2025-04-24 12:00:00
855,3334,lentidão,2025-04-09,resolvido,36,2025-04-09 12:00:00
856,3331,lentidão,2025-06-29,aberto,36,
857,3331,pagamento,2025-02-16,resolvido,24,2025-02-16 10:00:00
858,3336,cancelamento,2025-05-07,não resolvido,24,2025-05-07 09:00:00
859,3334,pagamento,2025-02-25,aberto,24,
860,3332,cancelamento,2025-01-14,resolvido,24,2025-01-15 16:00:00
861,3335,cancelamento,2025-01-28,resolvido,24,2025-01-29 21:00:00
862,3335,dúvida,2025-03-19,resolvido,8,2025-03-19 14:00:00
863,3333,lentidão,2025-05-10,resolvido,36,2025-05-11 17:00:00
864,3334,acesso,2025-04-19,resolvido,12,2025-04-19 06:00:00
865,3333,cancelamento,2025-06-03,resolvido,24,2025-06-04 15:00:00
866,3336,dúvida,2025-01-14,resolvido,8,2025-01-15 03:00:00
867,3333,lentidão,2025-02-25,não resolvido,36,2025-02-26 07:00:00
868,3331,acesso,2025-04-25,não resolvido,12,2025-04-26 10:00:00
869,3335,cancelamento,2025-01-07,resolvido,24,2025-01-07 14:00:00
870,3333,cancelamento,2025-01-03,resolvido,24,2025-01-04 23:00:00
871,3331,pagamento,2025-04-21,aberto,24,
872,3334,pagamento,2025-05-31,resolvido,24,2025-05-31 20:00:00
873,3333,lentidão,2025-04-17,não resolvido,36,2025-04-17 05:00:00
874,3336,acesso,2025-01-18,resolvido,12,2025-01-18 00:00:00
875,3336,cancelamento,2025-02-07,resolvido,24,2025-02-07 03:00:00
876,3336,lentidão,2025-04-25,resolvido,36,2025-04-25 10:00:00
877,3335,lentidão,2025-01-15,resolvido,36,2025-01-16 19:00:00
878,3333,bug,2025-04-29,aberto,48,
879,3334,pagamento,2025-01-28,resolvido,24,2025-01-29 12:00:00
880,3333,acesso,2025-02-08,resolvido,12,2025-02-08 22:00:00
881,3335,cancelamento,2025-01-17,resolvido,24,2025-01-18 04:00:00
882,3331,lentidão,2025-03-27,aberto,36,
883,3335,cancelamento,2025-05-06,resolvido,24,2025-05-07 23:00:00
884,3336,bug,2025-02-13,resolvido,48,2025-02-14 20:00:00
885,3331,acesso,2025-01-25,resolvido,12,2025-01-26 20:00:00
886,3336,lentidão,2025-05-25,resolvido,36,2025-05-26 02:00:00
887,3332,cancelamento,2025-01-13,resolvido,24,2025-01-14 14:00:00
888,3335,pagamento,2025-01-25,resolvido,24,2025-01-26 15:00:00
889,3335,bug,2025-03-09,não resolvido,48,2025-03-09 12:00:00
890,3334,acesso,2025-05-18,resolvido,12,2025-05-18 22:00:00
891,3333,bug,2025-03-08,aberto,48,
892,3331,pagamento,2025-04-19,resolvido,24,2025-04-20 05:00:00
893,3331,acesso,2025-05-26,resolvido,12,2025-05-26 03:00:00
894,3334,bug,2025-04-21,resolvido,48,2025-04-22 15:00:00
895,3334,dúvida,2025-04-21,resolvido,8,2025-04-21 15:00:00
896,3333,pagamento,2025-02-03,não resolvido,24,2025-02-04 06:00:00
897,3336,pagamento,2025-04-21,resolvido,24,2025-04-22 17:00:00
898,3333,pagamento,2025-01-08,resolvido,24,2025-01-09 00:00:00
899,3335,dúvida,2025-06-17,resolvido,8,2025-06-18 19:00:00
900,3336,dúvida,2025-04-23,aberto,8,
901,3332,cancelamento,2025-03-24,não resolvido,24,2025-03-25 01:00:00
902,3333,lentidão,2025-02-11,aberto,36,
903,3334,bug,2025-06-18,aberto,48,
904,3336,cancelamento,2025-04-11,não resolvido,24,2025-04-12 08:00:00
905,3333,bug,2025-01-06,resolvido,48,2025-01-07 03:00:00
906,3331,lentidão,2025-06-29,aberto,36,
907,3332,dúvida,2025-01-26,aberto,8,
908,3335,lentidão,2025-03-05,aberto,36,
909,3331,dúvida,2025-02-28,resolvido,8,2025-03-01 03:00:00
910,3331,lentidão,2025-04-19,resolvido,36,2025-04-20 10:00:00
911,3332,cancelamento,2025-05-01,resolvido,24,2025-05-01 04:00:00
912,3335,acesso,2025-02-02,aberto,12,
913,3334,cancelamento,2025-06-30,resolvido,24,2025-07-01 21:00:00
914,3336,bug,2025-05-30,resolvido,48,2025-05-31 09:00:00
915,3335,cancelamento,2025-01-21,resolvido,24,2025-01-21 12:00:00
916,3333,pagamento,2025-03-11,resolvido,24,2025-03-12 14:00:00
917,3331,bug,2025-04-22,resolvido,48,2025-04-23 17:00:00
918,3333,lentidão,2025-01-04,resolvido,36,2025-01-05 20:00:00
919,3334,bug,2025-04-04,resolvido,48,2025-04-05 23:00:00
920,3333,acesso,2025-03-16,resolvido,12,2025-03-16 13:00:00
921,3335,dúvida,2025-03-03,não resolvido,8,2025-03-03 10:00:00
922,3333,lentidão,2025-04-04,aberto,36,
923,3334,bug,2025-04-05,resolvido,48,2025-04-06 13:00:00
924,3334,lentidão,2025-06-01,aberto,36,
925,3334,lentidão,2025-02-24,resolvido,36,2025-02-25 08:00:00
926,3335,lentidão,2025-05-17,resolvido,36,2025-05-17 06:00:00
927,3334,dúvida,2025-05-11,não resolvido,8,2025-05-12 16:00:00
928,3331,cancelamento,2025-01-31,aberto,24,
929,3334,lentidão,2025-02-09,resolvido,36,2025-02-10 12:00:00
930,3333,pagamento,2025-02-05,resolvido,24,2025-02-05 09:00:00
931,3336,acesso,2025-06-01,resolvido,12,2025-06-02 18:00:00
932,3333,dúvida,2025-01-06,resolvido,8,2025-01-06 14:00:00
933,3336,bug,2025-03-07,resolvido,48,2025-03-08 13:00:00
934,3333,dúvida,2025-03-16,resolvido,8,2025-03-16 14:00:00
935,3335,bug,2025-01-04,resolvido,48,2025-01-04 04:00:00
936,3333,dúvida,2025-03-20,resolvido,8,2025-03-21 04:00:00
937,3335,bug,2025-05-14,aberto,48,
938,3335,lentidão,2025-04-28,não resolvido,36,2025-04-28 09:00:00
939,3334,cancelamento,2025-04-23,resolvido,24,2025-04-23 11:00:00
940,3331,bug,2025-04-04,não resolvido,48,2025-04-04 03:00:00
941,3336,bug,2025-06-28,resolvido,48,2025-06-29 06:00:00
942,3334,pagamento,2025-03-03,não resolvido,24,2025-03-03 17:00:00
943,3334,bug,2025-03-20,não resolvido,48,2025-03-20 15:00:00
944,3335,pagamento,2025-05-16,resolvido,24,2025-05-17 15:00:00
945,3335,acesso,2025-01-26,resolvido,12,2025-01-27 11:00:00
946,3336,lentidão,2025-06-28,resolvido,36,2025-06-29 00:00:00
947,3333,pagamento,2025-06-22,não resolvido,24,2025-06-22 22:00:00
948,3333,cancelamento,2025-02-13,resolvido,24,2025-02-13 11:00:00
949,3334,lentidão,2025-05-13,aberto,36,
950,3332,pagamento,2025-03-11,resolvido,24,2025-03-12 11:00:00
951,3332,lentidão,2025-06-03,não resolvido,36,2025-06-04 12:00:00
952,3333,lentidão,2025-04-28,não resolvido,36,2025-04-28 02:00:00
953,3332,lentidão,2025-03-09,não resolvido,36,2025-03-09 08:00:00
954,3333,acesso,2025-01-19,resolvido,12,2025-01-19 17:00:00
955,3335,cancelamento,2025-01-20,resolvido,24,2025-01-21 18:00:00
956,3334,dúvida,2025-04-23,resolvido,8,2025-04-24 10:00:00
957,3331,dúvida,2025-05-20,resolvido,8,2025-05-21 09:00:00
958,3334,pagamento,2025-02-16,aberto,24,
959,3333,lentidão,2025-01-01,resolvido,36,2025-01-01 13:00:00
960,3333,pagamento,2025-03-31,resolvido,24,2025-03-31 03:00:00
961,3334,acesso,2025-05-22,resolvido,12,2025-05-23 04:00:00
962,3336,acesso,2025-03-05,não resolvido,12,2025-03-06 16:00:00
963,3333,bug,2025-02-07,resolvido,48,2025-02-08 20:00:00
964,3332,acesso,2025-02-06,não resolvido,12,2025-02-06 14:00:00
965,3332,bug,2025-05-06,resolvido,48,2025-05-07 03:00:00
966,3333,cancelamento,2025-05-19,resolvido,24,2025-05-20 17:00:00
967,3333,pagamento,2025-04-10,resolvido,24,2025-04-10 15:00:00
968,3336,cancelamento,2025-03-18,aberto,24,
969,3332,acesso,2025-01-03,resolvido,12,2025-01-03 04:00:00
970,3333,cancelamento,2025-06-10,resolvido,24,2025-06-11 09:00:00
971,3333,cancelamento,2025-05-14,aberto,24,
972,3336,cancelamento,2025-06-27,resolvido,24,2025-06-27 00:00:00
973,3336,acesso,2025-01-10,resolvido,12,2025-01-11 14:00:00
974,3334,lentidão,2025-01-05,não resolvido,36,2025-01-06 07:00:00
975,3336,cancelamento,2025-05-31,resolvido,24,2025-06-01 01:00:00
976,3331,bug,2025-05-18,resolvido,48,2025-05-18 16:00:00
977,3332,acesso,2025-06-21,aberto,12,
978,3334,cancelamento,2025-05-10,resolvido,24,2025-05-11 02:00:00
979,3331,lentidão,2025-01-13,resolvido,36,2025-01-13 23:00:00
980,3333,acesso,2025-06-17,resolvido,12,2025-06-18 10:00:00
981,3333,dúvida,2025-05-10,não resolvido,8,2025-05-11 21:00:00
982,3334,lentidão,2025-03-25,resolvido,36,2025-03-26 17:00:00
983,3336,bug,2025-03-06,não resolvido,48,2025-03-07 14:00:00
984,3333,cancelamento,2025-03-04,não resolvido,24,2025-03-05 01:00:00
985,3335,dúvida,2025-04-11,aberto,8,
986,3334,dúvida,2025-03-14,resolvido,8,2025-03-14 22:00:00
987,3331,acesso,2025-01-17,não resolvido,12,2025-01-17 21:00:00
988,3334,dúvida,2025-01-09,aberto,8,
989,3332,bug,2025-05-23,resolvido,48,2025-05-23 08:00:00
990,3336,bug,2025-06-01,não resolvido,48,2025-06-01 03:00:00
991,3336,pagamento,2025-02-07,resolvido,24,2025-02-07 06:00:00
992,3334,bug,2025-06-12,resolvido,48,2025-06-12 22:00:00
993,3333,lentidão,2025-04-04,resolvido,36,2025-04-04 01:00:00
994,3333,dúvida,2025-04-05,resolvido,8,2025-04-05 23:00:00
995,3335,bug,2025-02-18,resolvido,48,2025-02-19 15:00:00
996,3335,acesso,2025-03-10,aberto,12,
997,3336,pagamento,2025-03-03,resolvido,24,2025-03-04 22:00:00
998,3335,dúvida,2025-06-27,resolvido,8,2025-06-28 06:00:00
999,3331,pagamento,2025-03-19,resolvido,24,2025-03-20 22:00:00
1000,3335,dúvida,2025-04-27,resolvido,8,2025-04-28 15:00:00
1001,3331,acesso,2025-04-30,resolvido,12,2025-05-01 23:00:00
1002,3335,pagamento,2025-05-17,resolvido,24,2025-05-18 18:00:00
1003,3336,cancelamento,2025-06-11,aberto,24,
1004,3336,lentidão,2025-03-17,resolvido,36,2025-03-17 23:00:00
1005,3331,lentidão,2025-02-04,resolvido,36,2025-02-05 01:00:00
1006,3334,dúvida,2025-01-01,não resolvido,8,2025-01-01 15:00:00
1007,3336,cancelamento,2025-02-09,aberto,24,
1008,3334,pagamento,2025-03-05,resolvido,24,2025-03-05 12:00:00
1009,3333,cancelamento,2025-05-30,resolvido,24,2025-05-30 14:00:00
1010,3331,cancelamento,2025-03-01,resolvido,24,2025-03-02 02:00:00
1011,3336,pagamento,2025-03-05,aberto,24,
1012,3332,acesso,2025-04-03,resolvido,12,2025-04-03 15:00:00
1013,3333,cancelamento,2025-03-13,resolvido,24,2025-03-14 05:00:00
1014,3334,cancelamento,2025-01-11,resolvido,24,2025-01-12 19:00:00
1015,3336,acesso,2025-04-15,resolvido,12,2025-04-16 05:00:00
1016,3331,cancelamento,2025-01-14,resolvido,24,2025-01-15 11:00:00
1017,3335,cancelamento,2025-03-01,resolvido,24,2025-03-01 02:00:00
1018,3332,cancelamento,2025-01-30,resolvido,24,2025-01-30 21:00:00
1019,3334,lentidão,2025-02-04,resolvido,36,2025-02-04 21:00:00
1020,3333,bug,2025-06-14,resolvido,48,2025-06-14 11:00:00
1021,3331,acesso,2025-01-05,resolvido,12,2025-01-05 20:00:00
1022,3332,cancelamento,2025-03-24,aberto,24,
1023,3331,lentidão,2025-05-03,resolvido,36,2025-05-04 06:00:00
1024,3336,acesso,2025-03-19,aberto,12,
1025,3335,dúvida,2025-06-03,resolvido,8,2025-06-04 06:00:00
1026,3333,dúvida,2025-03-03,resolvido,8,2025-03-03 22:00:00
1027,3331,cancelamento,2025-05-12,resolvido,24,2025-05-12 19:00:00
1028,3334,lentidão,2025-03-30,não resolvido,36,2025-03-30 14:00:00
1029,3336,lentidão,2025-02-11,aberto,36,
1030,3336,acesso,2025-03-30,resolvido,12,2025-03-31 03:00:00
1031,3333,acesso,2025-05-26,resolvido,12,2025-05-26 15:00:00
1032,3336,lentidão,2025-02-09,resolvido,36,2025-02-10 12:00:00
1033,3334,acesso,2025-03-13,aberto,12,
1034,3331,lentidão,2025-02-08,resolvido,36,2025-02-08 14:00:00
1035,3333,bug,2025-04-14,resolvido,48,2025-04-14 16:00:00
1036,3336,lentidão,2025-01-14,não resolvido,36,2025-01-15 12:00:00
1037,3336,dúvida,2025-02-01,resolvido,8,2025-02-01 12:00:00
1038,3334,acesso,2025-06-28,não resolvido,12,2025-06-28 18:00:00
1039,3335,lentidão,2025-05-05,resolvido,36,2025-05-06 05:00:00
1040,3335,lentidão,2025-06-15,resolvido,36,2025-06-16 20:00:00
1041,3336,acesso,2025-04-07,resolvido,12,2025-04-07 17:00:00
1042,3331,bug,2025-01-23,resolvido,48,2025-01-23 13:00:00
1043,3333,bug,2025-03-04,resolvido,48,2025-03-05 11:00:00
1044,3336,acesso,2025-05-23,resolvido,12,2025-05-24 11:00:00
1045,3332,pagamento,2025-06-02,resolvido,24,2025-06-02 19:00:00
1046,3333,acesso,2025-05-25,resolvido,12,2025-05-25 18:00:00
1047,3335,acesso,2025-02-22,resolvido,12,2025-02-23 20:00:00
1048,3336,bug,2025-04-14,não resolvido,48,2025-04-15 19:00:00
1049,3334,bug,2025-04-14,aberto,48,
1050,3332,acesso,2025-06-28,não resolvido,12,2025-06-29 19:00:00
1051,3336,acesso,2025-02-08,não resolvido,12,2025-02-08 03:00:00
1052,3331,acesso,2025-06-28,não resolvido,12,2025-06-29 09:00:00
1053,3332,bug,2025-05-14,resolvido,48,2025-05-14 01:00:00
1054,3336,acesso,2025-03-08,resolvido,12,2025-03-08 04:00:00
1055,3331,acesso,2025-05-15,não resolvido,12,2025-05-15 09:00:00
1056,3332,cancelamento,2025-06-28,resolvido,24,2025-06-29 07:00:00
1057,3331,pagamento,2025-02-11,resolvido,24,2025-02-12 17:00:00
1058,3331,dúvida,2025-01-15,resolvido,8,2025-01-16 16:00:00
1059,3332,pagamento,2025-04-21,resolvido,24,2025-04-21 12:00:00
1060,3332,cancelamento,2025-06-06,resolvido,24,2025-06-07 14:00:00
1061,3331,dúvida,2025-02-02,resolvido,8,2025-02-02 04:00:00
1062,3335,acesso,2025-06-04,não resolvido,12,2025-06-04 09:00:00
1063,3332,cancelamento,2025-06-13,aberto,24,
1064,3336,acesso,2025-06-06,não resolvido,12,2025-06-07 13:00:00
1065,3333,bug,2025-02-07,aberto,48,
1066,3334,lentidão,2025-04-07,resolvido,36,2025-04-07 20:00:00
1067,3331,cancelamento,2025-06-04,aberto,24,
1068,3331,bug,2025-02-02,aberto,48,
1069,3334,cancelamento,2025-03-27,não resolvido,24,2025-03-28 03:00:00
1070,3335,cancelamento,2025-03-07,resolvido,24,2025-03-08 14:00:00
1071,3334,bug,2025-01-10,resolvido,48,2025-01-10 13:00:00
1072,3332,dúvida,2025-01-05,resolvido,8,2025-01-05 20:00:00
1073,3334,pagamento,2025-05-03,resolvido,24,2025-05-04 05:00:00
1074,3331,acesso,2025-03-15,resolvido,12,2025-03-15 20:00:00
1075,3334,cancelamento,2025-04-07,resolvido,24,2025-04-07 08:00:00
1076,3333,acesso,2025-04-28,resolvido,12,2025-04-28 16:00:00
1077,3336,lentidão,2025-02-07,não resolvido,36,2025-02-07 04:00:00
1078,3332,bug,2025-05-21,resolvido,48,2025-05-22 06:00:00
1079,3334,acesso,2025-06-08,resolvido,12,2025-06-09 15:00:00
1080,3331,bug,2025-02-16,resolvido,48,2025-02-17 13:00:00
1081,3336,acesso,2025-04-19,resolvido,12,2025-04-20 18:00:00
1082,3332,pagamento,2025-06-29,resolvido,24,2025-06-29 18:00:00
1083,3331,pagamento,2025-01-15,resolvido,24,2025-01-16 11:00:00
1084,3335,pagamento,2025-06-06,resolvido,24,2025-06-07 08:00:00
1085,3333,pagamento,2025-05-16,não resolvido,24,2025-05-16 12:00:00
1086,3335,pagamento,2025-01-05,resolvido,24,2025-01-05 13:00:00
1087,3333,pagamento,2025-06-06,resolvido,24,2025-06-07 08:00:00
1088,3334,bug,2025-02-16,resolvido,48,2025-02-17 04:00:00
1089,3332,cancelamento,2025-03-09,resolvido,24,2025-03-10 18:00:00
1090,3334,acesso,2025-03-17,resolvido,12,2025-03-18 11:00:00
1091,3333,pagamento,2025-06-22,resolvido,24,2025-06-23 19:00:00
1092,3333,bug,2025-05-10,não resolvido,48,2025-05-10 09:00:00
1093,3333,bug,2025-06-04,não resolvido,48,2025-06-05 06:00:00
1094,3336,bug,2025-04-05,não resolvido,48,2025-04-05 05:00:00
1095,3331,cancelamento,2025-04-25,aberto,24,
1096,3332,acesso,2025-06-13,resolvido,12,2025-06-13 06:00:00
1097,3334,cancelamento,2025-02-05,resolvido,24,2025-02-06 02:00:00
1098,3334,dúvida,2025-01-26,não resolvido,8,2025-01-26 20:00:00
1099,3335,bug,2025-02-12,resolvido,48,2025-02-13 03:00:00
1100,3333,dúvida,2025-01-27,não resolvido,8,2025-01-27 15:00:00
1101,3333,lentidão,2025-03-10,resolvido,36,2025-03-11 21:00:00
1102,3333,pagamento,2025-05-28,resolvido,24,2025-05-28 22:00:00
1103,3334,pagamento,2025-01-11,aberto,24,
1104,3335,cancelamento,2025-03-15,resolvido,24,2025-03-16 13:00:00
1105,3331,acesso,2025-04-14,resolvido,12,2025-04-15 00:00:00
1106,3336,dúvida,2025-02-07,resolvido,8,2025-02-08 03:00:00
1107,3332,acesso,2025-05-14,resolvido,12,2025-05-14 04:00:00
1108,3331,cancelamento,2025-01-23,resolvido,24,2025-01-23 20:00:00
1109,3334,pagamento,2025-02-16,resolvido,24,2025-02-16 17:00:00
1110,3336,acesso,2025-03-31,resolvido,12,2025-04-01 22:00:00
1111,3336,acesso,2025-02-15,resolvido,12,2025-02-15 05:00:00
1112,3336,pagamento,2025-04-17,resolvido,24,2025-04-18 04:00:00
1113,3333,dúvida,2025-05-20,aberto,8,
1114,3332,pagamento,2025-05-21,resolvido,24,2025-05-22 08:00:00
1115,3334,acesso,2025-04-14,resolvido,12,2025-04-14 00:00:00
1116,3334,dúvida,2025-04-21,resolvido,8,2025-04-22 20:00:00
1117,3336,dúvida,2025-04-14,aberto,8,
1118,3334,pagamento,2025-03-01,resolvido,24,2025-03-02 17:00:00
1119,3332,acesso,2025-06-20,não resolvido,12,2025-06-20 20:00:00
1120,3332,cancelamento,2025-04-10,aberto,24,
1121,3335,acesso,2025-03-09,resolvido,12,2025-03-10 16:00:00
1122,3335,bug,2025-05-13,resolvido,48,2025-05-14 15:00:00
1123,3331,lentidão,2025-04-30,não resolvido,36,2025-04-30 02:00:00
1124,3332,cancelamento,2025-02-06,resolvido,24,2025-02-07 00:00:00
1125,3332,dúvida,2025-03-13,resolvido,8,2025-03-14 20:00:00
1126,3332,cancelamento,2025-05-07,não resolvido,24,2025-05-08 13:00:00
1127,3335,dúvida,2025-04-16,resolvido,8,2025-04-17 20:00:00
1128,3336,dúvida,2025-04-02,não resolvido,8,2025-04-02 19:00:00
1129,3336,cancelamento,2025-01-31,aberto,24,
1130,3334,dúvida,2025-05-02,não resolvido,8,2025-05-03 20:00:00
1131,3336,dúvida,2025-05-17,resolvido,8,2025-05-18 09:00:00
1132,3333,bug,2025-02-20,resolvido,48,2025-02-20 20:00:00
1133,3335,acesso,2025-01-29,resolvido,12,2025-01-30 23:00:00
1134,3332,acesso,2025-02-09,resolvido,12,2025-02-09 22:00:00
1135,3336,lentidão,2025-02-10,aberto,36,
1136,3335,lentidão,2025-01-11,não resolvido,36,2025-01-11 12:00:00
1137,3336,bug,2025-05-31,não resolvido,48,2025-05-31 22:00:00
1138,3331,lentidão,2025-01-01,resolvido,36,2025-01-01 08:00:00
1139,3332,cancelamento,2025-02-15,não resolvido,24,2025-02-15 16:00:00
1140,3331,pagamento,2025-04-11,resolvido,24,2025-04-11 01:00:00
1141,3332,pagamento,2025-05-29,resolvido,24,2025-05-29 18:00:00
1142,3335,pagamento,2025-03-31,resolvido,24,2025-03-31 18:00:00
1143,3334,bug,2025-04-20,resolvido,48,2025-04-20 06:00:00
1144,3336,bug,2025-06-13,resolvido,48,2025-06-14 17:00:00
1145,3336,dúvida,2025-02-26,resolvido,8,2025-02-27 17:00:00
1146,3333,pagamento,2025-01-01,não resolvido,24,2025-01-01 19:00:00
1147,3331,cancelamento,2025-03-04,aberto,24,
1148,3336,lentidão,2025-02-24,não resolvido,36,2025-02-24 16:00:00
1149,3335,cancelamento,2025-04-25,resolvido,24,2025-04-26 02:00:00
1150,3334,lentidão,2025-06-17,resolvido,36,2025-06-18 22:00:00
1151,3335,pagamento,2025-05-23,resolvido,24,2025-05-23 01:00:00
1152,3331,pagamento,2025-05-29,não resolvido,24,2025-05-30 11:00:00
1153,3333,pagamento,2025-06-24,resolvido,24,2025-06-24 18:00:00
1154,3336,bug,2025-02-22,resolvido,48,2025-02-22 16:00:00
1155,3335,lentidão,2025-05-17,resolvido,36,2025-05-17 04:00:00
1156,3332,bug,2025-06-29,aberto,48,
1157,3334,bug,2025-02-26,resolvido,48,2025-02-26 17:00:00
1158,3335,acesso,2025-04-27,resolvido,12,2025-04-27 06:00:00
1159,3334,cancelamento,2025-06-03,resolvido,24,2025-06-03 16:00:00
1160,3336,cancelamento,2025-06-18,resolvido,24,2025-06-19 14:00:00
1161,3332,dúvida,2025-02-04,resolvido,8,2025-02-05 11:00:00
1162,3333,bug,2025-03-04,resolvido,48,2025-03-05 15:00:00
1163,3333,lentidão,2025-01-25,resolvido,36,2025-01-26 20:00:00
1164,3332,acesso,2025-03-31,resolvido,12,2025-03-31 03:00:00
1165,3334,acesso,2025-03-16,não resolvido,12,2025-03-17 13:00:00
1166,3336,cancelamento,2025-02-07,resolvido,24,2025-02-08 00:00:00
1167,3335,bug,2025-05-10,resolvido,48,2025-05-10 04:00:00
1168,3332,dúvida,2025-05-15,resolvido,8,2025-05-16 05:00:00
1169,3331,bug,2025-06-11,resolvido,48,2025-06-11 11:00:00
1170,3334,pagamento,2025-04-01,resolvido,24,2025-04-01 03:00:00
1171,3333,bug,2025-01-17,resolvido,48,2025-01-17 23:00:00
1172,3332,pagamento,2025-05-08,resolvido,24,2025-05-09 04:00:00
1173,3333,pagamento,2025-06-20,não resolvido,24,2025-06-20 08:00:00
1174,3334,dúvida,2025-04-18,aberto,8,
1175,3333,lentidão,2025-06-28,resolvido,36,2025-06-28 23:00:00
1176,3332,cancelamento,2025-06-01,resolvido,24,2025-06-01 13:00:00
1177,3334,bug,2025-01-25,aberto,48,
1178,3331,pagamento,2025-06-29,resolvido,24,2025-06-29 17:00:00
1179,3332,bug,2025-03-29,resolvido,48,2025-03-30 17:00:00
1180,3335,lentidão,2025-06-10,resolvido,36,2025-06-10 18:00:00
1181,3336,cancelamento,2025-06-26,resolvido,24,2025-06-26 11:00:00
1182,3332,lentidão,2025-01-29,resolvido,36,2025-01-29 17:00:00
1183,3334,cancelamento,2025-03-04,resolvido,24,2025-03-04 16:00:00
1184,3336,acesso,2025-05-30,resolvido,12,2025-05-31 05:00:00
1185,3332,cancelamento,2025-06-03,resolvido,24,2025-06-03 23:00:00
1186,3331,dúvida,2025-06-05,não resolvido,8,2025-06-05 10:00:00
1187,3331,lentidão,2025-04-24,resolvido,36,2025-04-25 10:00:00
1188,3335,pagamento,2025-02-18,resolvido,24,2025-02-18 22:00:00
1189,3333,acesso,2025-03-22,não resolvido,12,2025-03-22 16:00:00
1190,3336,dúvida,2025-03-25,resolvido,8,2025-03-25 00:00:00
1191,3334,bug,2025-04-15,resolvido,48,2025-04-15 14:00:00
1192,3334,lentidão,2025-06-26,resolvido,36,2025-06-27 07:00:00
1193,3333,pagamento,2025-05-28,resolvido,24,2025-05-28 08:00:00
1194,3331,cancelamento,2025-04-28,resolvido,24,2025-04-28 14:00:00
1195,3331,pagamento,2025-03-27,resolvido,24,2025-03-28 03:00:00
1196,3332,bug,2025-03-04,resolvido,48,2025-03-04 23:00:00
1197,3335,acesso,2025-04-14,aberto,12,
1198,3336,acesso,2025-02-18,não resolvido,12,2025-02-18 21:00:00
1199,3335,lentidão,2025-03-12,resolvido,36,2025-03-13 02:00:00
1200,3335,acesso,2025-01-01,resolvido,12,2025-01-01 18:00:00
1201,3332,lentidão,2025-05-21,não resolvido,36,2025-05-22 20:00:00
1202,3335,lentidão,2025-06-28,resolvido,36,2025-06-28 11:00:00
1203,3333,lentidão,2025-05-03,não resolvido,36,2025-05-03 19:00:00
1204,3332,cancelamento,2025-03-03,resolvido,24,2025-03-03 00:00:00
1205,3333,dúvida,2025-02-01,aberto,8,
1206,3332,lentidão,2025-06-07,resolvido,36,2025-06-08 20:00:00
1207,3335,lentidão,2025-01-29,resolvido,36,2025-01-29 00:00:00
1208,3333,dúvida,2025-02-18,resolvido,8,2025-02-18 09:00:00
1209,3333,pagamento,2025-06-22,não resolvido,24,2025-06-23 22:00:00
1210,3333,lentidão,2025-01-30,resolvido,36,2025-01-31 07:00:00
1211,3332,cancelamento,2025-05-24,resolvido,24,2025-05-25 14:00:00
1212,3334,acesso,2025-06-17,não resolvido,12,2025-06-17 21:00:00
1213,3335,acesso,2025-01-19,resolvido,12,2025-01-19 17:00:00
1214,3333,bug,2025-01-18,resolvido,48,2025-01-19 23:00:00
1215,3336,bug,2025-01-01,não resolvido,48,2025-01-02 21:00:00
1216,3334,acesso,2025-03-19,resolvido,12,2025-03-20 07:00:00
1217,3336,acesso,2025-04-25,resolvido,12,2025-04-26 02:00:00
1218,3335,cancelamento,2025-06-24,não resolvido,24,2025-06-25 03:00:00
1219,3335,dúvida,2025-04-23,resolvido,8,2025-04-23 17:00:00
1220,3333,bug,2025-04-24,resolvido,48,2025-04-25 14:00:00
1221,3333,dúvida,2025-06-15,resolvido,8,2025-06-16 04:00:00
1222,3332,cancelamento,2025-06-28,resolvido,24,2025-06-28 17:00:00
1223,3334,acesso,2025-03-04,não resolvido,12,2025-03-05 19:00:00
1224,3334,lentidão,2025-05-12,resolvido,36,2025-05-12 07:00:00
1225,3333,dúvida,2025-05-09,aberto,8,
1226,3335,acesso,2025-01-08,resolvido,12,2025-01-09 09:00:00
1227,3333,acesso,2025-06-06,resolvido,12,2025-06-06 06:00:00
1228,3335,pagamento,2025-02-24,resolvido,24,2025-02-25 11:00:00
1229,3335,dúvida,2025-04-13,não resolvido,8,2025-04-13 17:00:00
1230,3333,lentidão,2025-05-11,resolvido,36,2025-05-12 13:00:00
1231,3331,dúvida,2025-02-01,resolvido,8,2025-02-01 08:00:00
1232,3334,acesso,2025-01-10,aberto,12,
1233,3336,lentidão,2025-04-20,resolvido,36,2025-04-21 21:00:00
1234,3335,cancelamento,2025-06-11,resolvido,24,2025-06-11 07:00:00
1235,3335,pagamento,2025-05-04,aberto,24,
1236,3331,acesso,2025-03-28,resolvido,12,2025-03-28 17:00:00
1237,3336,bug,2025-02-24,resolvido,48,2025-02-24 04:00:00
1238,3332,bug,2025-02-01,aberto,48,
1239,3331,pagamento,2025-06-27,resolvido,24,2025-06-28 03:00:00
1240,3336,cancelamento,2025-05-15,resolvido,24,2025-05-16 05:00:00
1241,3331,acesso,2025-04-03,resolvido,12,2025-04-03 03:00:00
1242,3335,dúvida,2025-01-08,não resolvido,8,2025-01-09 14:00:00
1243,3334,pagamento,2025-03-06,resolvido,24,2025-03-06 19:00:00
1244,3331,cancelamento,2025-02-26,não resolvido,24,2025-02-27 00:00:00
1245,3332,dúvida,2025-03-08,resolvido,8,2025-03-09 03:00:00
1246,3333,bug,2025-03-13,resolvido,48,2025-03-13 11:00:00
1247,3336,bug,2025-02-23,não resolvido,48,2025-02-23 01:00:00
1248,3331,dúvida,2025-03-08,resolvido,8,2025-03-09 18:00:00
1249,3331,pagamento,2025-02-20,não resolvido,24,2025-02-20 13:00:00
1250,3332,bug,2025-04-07,aberto,48,
1251,3334,acesso,2025-04-02,resolvido,12,2025-04-03 06:00:00
1252,3331,lentidão,2025-01-08,aberto,36,
1253,3331,dúvida,2025-06-11,resolvido,8,2025-06-12 23:00:00
1254,3334,dúvida,2025-02-04,resolvido,8,2025-02-04 19:00:00
1255,3332,bug,2025-04-06,resolvido,48,2025-04-07 13:00:00
1256,3336,pagamento,2025-03-29,resolvido,24,2025-03-29 03:00:00
1257,3336,acesso,2025-03-19,resolvido,12,2025-03-19 14:00:00
1258,3331,pagamento,2025-02-01,aberto,24,
1259,3334,cancelamento,2025-04-30,resolvido,24,2025-05-01 00:00:00
1260,3331,cancelamento,2025-02-15,não resolvido,24,2025-02-15 00:00:00
1261,3333,lentidão,2025-05-24,resolvido,36,2025-05-24 06:00:00
1262,3336,bug,2025-06-14,não resolvido,48,2025-06-15 06:00:00
1263,3335,bug,2025-05-22,não resolvido,48,2025-05-22 11:00:00
1264,3333,bug,2025-02-24,resolvido,48,2025-02-25 17:00:00
1265,3331,lentidão,2025-06-25,resolvido,36,2025-06-25 04:00:00
1266,3332,cancelamento,2025-01-07,aberto,24,
1267,3336,pagamento,2025-03-15,aberto,24,
1268,3335,lentidão,2025-01-07,aberto,36,
1269,3333,lentidão,2025-06-10,resolvido,36,2025-06-10 11:00:00
1270,3336,pagamento,2025-05-31,resolvido,24,2025-06-01 14:00:00
1271,3334,bug,2025-03-26,resolvido,48,2025-03-26 17:00:00
1272,3332,acesso,2025-05-27,resolvido,12,2025-05-27 01:00:00
1273,3333,pagamento,2025-04-22,resolvido,24,2025-04-22 09:00:00
1274,3334,cancelamento,2025-05-05,resolvido,24,2025-05-05 14:00:00
1275,3331,dúvida,2025-05-27,resolvido,8,2025-05-28 05:00:00
1276,3334,dúvida,2025-02-05,aberto,8,
1277,3333,lentidão,2025-01-29,resolvido,36,2025-01-29 16:00:00
1278,3333,dúvida,2025-03-23,resolvido,8,2025-03-23 03:00:00
1279,3331,acesso,2025-01-02,resolvido,12,2025-01-02 06:00:00
1280,3334,bug,2025-05-09,resolvido,48,2025-05-10 16:00:00
1281,3334,cancelamento,2025-02-16,resolvido,24,2025-02-17 06:00:00
1282,3331,acesso,2025-05-28,resolvido,12,2025-05-29 14:00:00
1283,3334,cancelamento,2025-01-11,resolvido,24,2025-01-12 09:00:00
1284,3336,cancelamento,2025-05-10,resolvido,24,2025-05-10 05:00:00
1285,3331,bug,2025-04-29,resolvido,48,2025-04-30 13:00:00
1286,3332,lentidão,2025-05-20,resolvido,36,2025-05-21 20:00:00
1287,3333,dúvida,2025-01-20,resolvido,8,2025-01-21 09:00:00
1288,3332,bug,2025-01-05,não resolvido,48,2025-01-06 19:00:00
1289,3336,acesso,2025-02-06,resolvido,12,2025-02-06 14:00:00
1290,3336,lentidão,2025-06-15,resolvido,36,2025-06-15 13:00:00
1291,3335,acesso,2025-05-17,resolvido,12,2025-05-17 05:00:00
1292,3335,lentidão,2025-02-22,resolvido,36,2025-02-23 12:00:00
1293,3335,acesso,2025-06-21,resolvido,12,2025-06-22 07:00:00
1294,3331,bug,2025-04-09,resolvido,48,2025-04-09 02:00:00
1295,3334,lentidão,2025-03-27,resolvido,36,2025-03-27 02:00:00
1296,3336,lentidão,2025-04-18,resolvido,36,2025-04-18 21:00:00
1297,3332,cancelamento,2025-01-24,resolvido,24,2025-01-24 21:00:00
1298,3332,cancelamento,2025-03-22,não resolvido,24,2025-03-22 09:00:00
1299,3332,pagamento,2025-06-07,não resolvido,24,2025-06-07 02:00:00
1300,3332,acesso,2025-04-30,resolvido,12,2025-04-30 11:00:00
1301,3335,cancelamento,2025-02-28,resolvido,24,2025-03-01 04:00:00
1302,3332,pagamento,2025-05-08,resolvido,24,2025-05-09 23:00:00
1303,3334,cancelamento,2025-04-24,resolvido,24,2025-04-24 16:00:00
1304,3335,acesso,2025-04-25,aberto,12,
1305,3332,lentidão,2025-01-14,resolvido,36,2025-01-14 12:00:00
1306,3331,dúvida,2025-01-09,resolvido,8,2025-01-09 01:00:00
1307,3333,acesso,2025-02-09,não resolvido,12,2025-02-09 03:00:00
1308,3333,bug,2025-01-25,resolvido,48,2025-01-25 09:00:00
1309,3333,cancelamento,2025-04-13,resolvido,24,2025-04-14 14:00:00
1310,3335,cancelamento,2025-01-22,resolvido,24,2025-01-22 23:00:00
1311,3332,lentidão,2025-01-04,resolvido,36,2025-01-04 16:00:00
1312,3336,bug,2025-06-03,resolvido,48,2025-06-03 05:00:00
1313,3336,lentidão,2025-01-29,resolvido,36,2025-01-29 18:00:00
1314,3336,bug,2025-04-19,resolvido,48,2025-04-19 04:00:00
1315,3335,dúvida,2025-04-08,não resolvido,8,2025-04-09 07:00:00
1316,3334,cancelamento,2025-02-06,resolvido,24,2025-02-06 09:00:00
1317,3331,cancelamento,2025-03-16,resolvido,24,2025-03-16 08:00:00
1318,3331,dúvida,2025-03-11,resolvido,8,2025-03-12 02:00:00
1319,3333,pagamento,2025-05-26,não resolvido,24,2025-05-26 12:00:00
1320,3333,lentidão,2025-05-08,aberto,36,
1321,3336,dúvida,2025-03-26,resolvido,8,2025-03-26 20:00:00
1322,3336,lentidão,2025-02-11,não resolvido,36,2025-02-11 23:00:00
1323,3333,acesso,2025-04-10,resolvido,12,2025-04-11 13:00:00
1324,3332,cancelamento,2025-02-10,não resolvido,24,2025-02-10 03:00:00
1325,3334,lentidão,2025-06-15,resolvido,36,2025-06-15 23:00:00
1326,3334,bug,2025-02-03,resolvido,48,2025-02-04 10:00:00
1327,3334,lentidão,2025-01-17,resolvido,36,2025-01-17 02:00:00
1328,3334,acesso,2025-06-14,resolvido,12,2025-06-14 03:00:00
1329,3333,cancelamento,2025-06-02,resolvido,24,2025-06-03 12:00:00
1330,3331,dúvida,2025-05-02,resolvido,8,2025-05-03 15:00:00
1331,3333,acesso,2025-03-17,resolvido,12,2025-03-18 23:00:00
1332,3334,cancelamento,2025-03-28,resolvido,24,2025-03-29 10:00:00
1333,3333,lentidão,2025-04-27,não resolvido,36,2025-04-28 06:00:00
1334,3334,pagamento,2025-04-16,não resolvido,24,2025-04-17 19:00:00
1335,3335,pagamento,2025-03-27,resolvido,24,2025-03-28 00:00:00
1336,3336,bug,2025-01-27,não resolvido,48,2025-01-28 15:00:00
1337,3331,cancelamento,2025-02-26,resolvido,24,2025-02-26 12:00:00
1338,3335,pagamento,2025-01-31,resolvido,24,2025-01-31 03:00:00
1339,3332,dúvida,2025-05-14,resolvido,8,2025-05-15 21:00:00
1340,3333,cancelamento,2025-06-17,resolvido,24,2025-06-17 13:00:00
1341,3332,dúvida,2025-04-08,resolvido,8,2025-04-08 12:00:00
1342,3333,dúvida,2025-01-12,resolvido,8,2025-01-13 02:00:00
1343,3336,pagamento,2025-02-22,resolvido,24,2025-02-22 05:00:00
1344,3335,cancelamento,2025-05-18,aberto,24,
1345,3336,lentidão,2025-06-22,resolvido,36,2025-06-23 11:00:00
1346,3334,acesso,2025-05-25,não resolvido,12,2025-05-26 15:00:00
1347,3336,pagamento,2025-06-03,resolvido,24,2025-06-04 10:00:00
1348,3336,pagamento,2025-05-02,não resolvido,24,2025-05-02 16:00:00
1349,3334,lentidão,2025-02-15,não resolvido,36,2025-02-16 16:00:00
1350,3333,cancelamento,2025-03-05,não resolvido,24,2025-03-05 01:00:00
1351,3334,cancelamento,2025-05-10,não resolvido,24,2025-05-10 12:00:00
1352,3335,dúvida,2025-02-23,não resolvido,8,2025-02-23 01:00:00
1353,3336,lentidão,2025-04-17,resolvido,36,2025-04-18 03:00:00
1354,3334,lentidão,2025-02-20,aberto,36,
1355,3336,cancelamento,2025-06-30,resolvido,24,2025-07-01 01:00:00
1356,3335,dúvida,2025-02-05,resolvido,8,2025-02-05 21:00:00
1357,3332,pagamento,2025-04-25,resolvido,24,2025-04-26 22:00:00
1358,3335,bug,2025-01-26,resolvido,48,2025-01-27 18:00:00
1359,3331,acesso,2025-01-29,não resolvido,12,2025-01-29 02:00:00
1360,3331,pagamento,2025-05-29,não resolvido,24,2025-05-30 10:00:00
1361,3331,cancelamento,2025-01-11,não resolvido,24,2025-01-11 11:00:00
1362,3336,acesso,2025-02-09,resolvido,12,2025-02-09 23:00:00
1363,3333,bug,2025-01-11,aberto,48,
1364,3333,bug,2025-06-13,aberto,48,
1365,3333,dúvida,2025-04-23,resolvido,8,2025-04-24 14:00:00
1366,3336,acesso,2025-02-08,aberto,12,
1367,3335,dúvida,2025-02-23,aberto,8,
1368,3333,pagamento,2025-04-08,não resolvido,24,2025-04-09 16:00:00
1369,3332,lentidão,2025-02-24,resolvido,36,2025-02-25 20:00:00
1370,3331,lentidão,2025-04-21,resolvido,36,2025-04-21 11:00:00
1371,3335,lentidão,2025-06-01,aberto,36,
1372,3331,acesso,2025-05-30,resolvido,12,2025-05-30 09:00:00
1373,3333,lentidão,2025-03-10,aberto,36,
1374,3335,pagamento,2025-02-25,não resolvido,24,2025-02-26 15:00:00
1375,3334,dúvida,2025-02-02,resolvido,8,2025-02-02 15:00:00
1376,3332,acesso,2025-02-05,resolvido,12,2025-02-06 20:00:00
1377,3333,dúvida,2025-05-28,resolvido,8,2025-05-29 10:00:00
1378,3333,acesso,2025-03-22,aberto,12,
1379,3332,dúvida,2025-04-19,resolvido,8,2025-04-19 04:00:00
1380,3332,bug,2025-06-03,resolvido,48,2025-06-04 01:00:00
1381,3334,dúvida,2025-03-14,resolvido,8,2025-03-14 10:00:00
1382,3333,lentidão,2025-02-09,aberto,36,
1383,3336,bug,2025-01-17,resolvido,48,2025-01-17 09:00:00
1384,3333,dúvida,2025-05-09,resolvido,8,2025-05-10 17:00:00
1385,3331,acesso,2025-03-02,não resolvido,12,2025-03-03 09:00:00
1386,3335,acesso,2025-06-20,resolvido,12,2025-06-20 02:00:00
1387,3335,acesso,2025-04-14,resolvido,12,2025-04-14 07:00:00
1388,3331,cancelamento,2025-02-11,resolvido,24,2025-02-12 06:00:00
1389,3335,pagamento,2025-01-25,resolvido,24,2025-01-25 10:00:00
1390,3332,acesso,2025-02-08,resolvido,12,2025-02-09 20:00:00
1391,3335,bug,2025-02-04,resolvido,48,2025-02-04 06:00:00
1392,3335,acesso,2025-05-11,resolvido,12,2025-05-12 20:00:00
1393,3331,cancelamento,2025-04-18,não resolvido,24,2025-04-18 01:00:00
1394,3334,lentidão,2025-06-21,resolvido,36,2025-06-21 05:00:00
1395,3335,bug,2025-06-28,não resolvido,48,2025-06-29 16:00:00
1396,3336,cancelamento,2025-04-12,resolvido,24,2025-04-13 07:00:00
1397,3335,lentidão,2025-04-08,não resolvido,36,2025-04-08 19:00:00
1398,3334,bug,2025-01-12,não resolvido,48,2025-01-13 09:00:00
1399,3331,dúvida,2025-01-19,resolvido,8,2025-01-19 15:00:00
1400,3334,pagamento,2025-04-11,não resolvido,24,2025-04-12 00:00:00
1401,3331,pagamento,2025-02-13,aberto,24,
1402,3332,cancelamento,2025-02-18,não resolvido,24,2025-02-18 06:00:00
1403,3331,lentidão,2025-01-17,resolvido,36,2025-01-18 14:00:00
1404,3332,pagamento,2025-03-15,aberto,24,
1405,3332,lentidão,2025-02-26,resolvido,36,2025-02-27 20:00:00
1406,3331,lentidão,2025-02-24,não resolvido,36,2025-02-24 10:00:00
1407,3336,cancelamento,2025-02-16,aberto,24,
1408,3333,cancelamento,2025-01-12,resolvido,24,2025-01-12 22:00:00
1409,3331,cancelamento,2025-03-03,resolvido,24,2025-03-04 02:00:00
1410,3335,pagamento,2025-03-21,não resolvido,24,2025-03-22 21:00:00
1411,3336,cancelamento,2025-03-24,resolvido,24,2025-03-24 05:00:00
1412,3336,pagamento,2025-01-08,resolvido,24,2025-01-09 13:00:00
1413,3335,cancelamento,2025-05-29,aberto,24,
1414,3333,acesso,2025-03-22,resolvido,12,2025-03-22 21:00:00
1415,3336,lentidão,2025-04-28,resolvido,36,2025-04-28 19:00:00
1416,3332,cancelamento,2025-01-25,não resolvido,24,2025-01-26 00:00:00
1417,3333,bug,2025-03-30,aberto,48,
1418,3335,lentidão,2025-01-12,resolvido,36,2025-01-13 04:00:00
1419,3333,lentidão,2025-05-23,aberto,36,
1420,3331,cancelamento,2025-02-28,resolvido,24,2025-03-01 12:00:00
1421,3333,dúvida,2025-06-03,resolvido,8,2025-06-04 08:00:00
1422,3332,cancelamento,2025-04-19,resolvido,24,2025-04-19 21:00:00
1423,3331,lentidão,2025-01-26,resolvido,36,2025-01-27 22:00:00
1424,3334,bug,2025-02-16,não resolvido,48,2025-02-16 04:00:00
1425,3335,lentidão,2025-02-01,resolvido,36,2025-02-02 14:00:00
1426,3335,bug,2025-01-10,não resolvido,48,2025-01-10 17:00:00
1427,3333,pagamento,2025-01-16,não resolvido,24,2025-01-17 13:00:00
1428,3336,acesso,2025-05-25,resolvido,12,2025-05-26 12:00:00
1429,3331,lentidão,2025-05-31,não resolvido,36,2025-06-01 05:00:00
1430,3334,cancelamento,2025-01-26,resolvido,24,2025-01-27 06:00:00
1431,3331,pagamento,2025-03-27,aberto,24,
1432,3335,acesso,2025-05-15,resolvido,12,2025-05-15 14:00:00
1433,3331,cancelamento,2025-01-14,aberto,24,
1434,3334,dúvida,2025-03-20,resolvido,8,2025-03-21 23:00:00
1435,3336,cancelamento,2025-04-27,resolvido,24,2025-04-28 19:00:00
1436,3333,bug,2025-01-07,aberto,48,
1437,3332,bug,2025-05-17,resolvido,48,2025-05-17 22:00:00
1438,3331,dúvida,2025-04-25,não resolvido,8,2025-04-26 08:00:00
1439,3332,pagamento,2025-06-25,resolvido,24,2025-06-25 15:00:00
1440,3335,acesso,2025-03-13,resolvido,12,2025-03-14 13:00:00
1441,3333,cancelamento,2025-02-28,resolvido,24,2025-03-01 10:00:00
1442,3333,bug,2025-03-23,resolvido,48,2025-03-24 09:00:00
1443,3331,pagamento,2025-04-26,resolvido,24,2025-04-27 03:00:00
1444,3336,dúvida,2025-06-16,não resolvido,8,2025-06-16 01:00:00
1445,3333,lentidão,2025-05-26,resolvido,36,2025-05-27 05:00:00
1446,3331,bug,2025-04-13,resolvido,48,2025-04-13 12:00:00
1447,3331,dúvida,2025-01-17,não resolvido,8,2025-01-18 16:00:00
1448,3332,cancelamento,2025-01-14,não resolvido,24,2025-01-14 15:00:00
1449,3333,acesso,2025-06-08,aberto,12,
1450,3331,bug,2025-06-01,resolvido,48,2025-06-02 03:00:00
1451,3332,bug,2025-04-18,resolvido,48,2025-04-19 14:00:00
1452,3334,cancelamento,2025-02-14,resolvido,24,2025-02-15 20:00:00
1453,3332,lentidão,2025-04-08,resolvido,36,2025-04-08 19:00:00
1454,3332,pagamento,2025-05-11,resolvido,24,2025-05-11 23:00:00
1455,3331,acesso,2025-02-06,não resolvido,12,2025-02-07 02:00:00
1456,3335,bug,2025-06-20,resolvido,48,2025-06-21 05:00:00
1457,3335,acesso,2025-06-17,aberto,12,
1458,3336,bug,2025-04-18,resolvido,48,2025-04-19 02:00:00
1459,3335,acesso,2025-02-08,resolvido,12,2025-02-09 01:00:00
1460,3332,dúvida,2025-01-15,resolvido,8,2025-01-15 06:00:00
1461,3336,bug,2025-04-30,resolvido,48,2025-05-01 17:00:00
1462,3331,acesso,2025-01-04,não resolvido,12,2025-01-05 22:00:00
1463,3333,pagamento,2025-04-03,resolvido,24,2025-04-04 13:00:00
1464,3332,dúvida,2025-06-02,resolvido,8,2025-06-02 04:00:00
1465,3332,dúvida,2025-05-21,resolvido,8,2025-05-21 22:00:00
1466,3336,pagamento,2025-06-10,resolvido,24,2025-06-11 03:00:00
1467,3331,acesso,2025-01-16,resolvido,12,2025-01-17 09:00:00
1468,3334,cancelamento,2025-06-19,resolvido,24,2025-06-19 14:00:00
1469,3332,pagamento,2025-04-18,aberto,24,
1470,3334,acesso,2025-05-06,não resolvido,12,2025-05-07 01:00:00
1471,3334,pagamento,2025-02-24,aberto,24,
1472,3335,pagamento,2025-06-19,resolvido,24,2025-06-20 06:00:00
1473,3331,bug,2025-02-03,resolvido,48,2025-02-03 18:00:00
1474,3334,acesso,2025-06-07,não resolvido,12,2025-06-07 08:00:00
1475,3331,cancelamento,2025-01-13,resolvido,24,2025-01-14 04:00:00
1476,3335,bug,2025-05-21,aberto,48,
1477,3331,pagamento,2025-01-18,aberto,24,
1478,3332,lentidão,2025-06-09,resolvido,36,2025-06-09 02:00:00
1479,3334,pagamento,2025-04-06,resolvido,24,2025-04-07 04:00:00
1480,3331,pagamento,2025-05-03,resolvido,24,2025-05-03 10:00:00
1481,3333,acesso,2025-02-08,resolvido,12,2025-02-09 08:00:00
1482,3331,acesso,2025-02-15,aberto,12,
1483,3334,bug,2025-01-29,não resolvido,48,2025-01-29 10:00:00
1484,3335,cancelamento,2025-03-03,resolvido,24,2025-03-04 02:00:00
1485,3335,bug,2025-01-16,resolvido,48,2025-01-17 08:00:00
1486,3334,dúvida,2025-05-01,resolvido,8,2025-05-01 20:00:00
1487,3332,pagamento,2025-01-10,não resolvido,24,2025-01-11 14:00:00
1488,3332,lentidão,2025-06-07,resolvido,36,2025-06-08 06:00:00
1489,3335,pagamento,2025-06-02,não resolvido,24,2025-06-03 13:00:00
1490,3335,pagamento,2025-04-13,resolvido,24,2025-04-14 21:00:00
1491,3334,bug,2025-03-25,aberto,48,
1492,3332,lentidão,2025-05-13,não resolvido,36,2025-05-14 02:00:00
1493,3335,lentidão,2025-03-06,resolvido,36,2025-03-07 11:00:00
1494,3332,lentidão,2025-06-26,aberto,36,
1495,3335,bug,2025-01-03,não resolvido,48,2025-01-04 22:00:00
1496,3331,pagamento,2025-06-22,resolvido,24,2025-06-22 17:00:00
1497,3333,bug,2025-05-22,resolvido,48,2025-05-22 00:00:00
1498,3336,acesso,2025-04-30,resolvido,12,2025-05-01 10:00:00
1499,3331,acesso,2025-06-07,resolvido,12,2025-06-08 10:00:00
1500,3336,bug,2025-03-09,resolvido,48,2025-03-10 06:00:00
